-- phpMyAdmin SQL Dump
-- version 2.10.3
-- http://www.phpmyadmin.net
-- 
-- 主机: localhost
-- 生成日期: 2017 年 10 月 26 日 10:57
-- 服务器版本: 5.0.51
-- PHP 版本: 5.2.6

SET SQL_MODE="NO_AUTO_VALUE_ON_ZERO";

-- 
-- 数据库: `moban5`
-- 

-- --------------------------------------------------------

-- 
-- 表的结构 `backmenu`
-- 

CREATE TABLE `backmenu` (
  `id_backmenu` int(11) NOT NULL auto_increment,
  `lang` int(1) NOT NULL default '1',
  `name` varchar(25) NOT NULL,
  `remark` text NOT NULL,
  `url` varchar(100) NOT NULL,
  `fatherid` int(11) NOT NULL,
  `level` int(1) NOT NULL,
  `ordernum` int(11) NOT NULL,
  `dele` int(1) NOT NULL default '1',
  PRIMARY KEY  (`id_backmenu`)
) ENGINE=MyISAM  DEFAULT CHARSET=utf8 AUTO_INCREMENT=50 ;

-- 
-- 导出表中的数据 `backmenu`
-- 

INSERT INTO `backmenu` VALUES (1, 1, '产品系统', '', 'product', 0, 1, 2, 1);
INSERT INTO `backmenu` VALUES (3, 1, '信息系统', '', 'news', 0, 1, 3, 1);
INSERT INTO `backmenu` VALUES (4, 1, '人事系统', '', 'hr', 0, 1, 4, 1);
INSERT INTO `backmenu` VALUES (5, 1, '权限系统', '', 'perm', 0, 1, 5, 1);
INSERT INTO `backmenu` VALUES (6, 1, '数据库备份', '', 'dbase', 0, 1, 6, 0);
INSERT INTO `backmenu` VALUES (9, 1, '产品管理', '', '/admin/product/product_manage.php', 1, 2, 9, 1);
INSERT INTO `backmenu` VALUES (8, 1, '产品分类', '', '/admin/product/product_dir.php', 1, 2, 8, 1);
INSERT INTO `backmenu` VALUES (47, 1, '区块管理', '', '/admin/siteset/layout.php', 44, 2, 47, 1);
INSERT INTO `backmenu` VALUES (15, 1, '信息分类', '', '/admin/news/news_dir.php', 3, 2, 15, 1);
INSERT INTO `backmenu` VALUES (16, 1, '信息管理', '', '/admin/news/news_manage.php', 3, 2, 16, 1);
INSERT INTO `backmenu` VALUES (17, 1, '员工档案', '', '/admin/hr/hr_staff.php', 4, 2, 17, 1);
INSERT INTO `backmenu` VALUES (18, 1, '考核统计', '', '/admin/hr/hr_exam.php', 4, 2, 18, 1);
INSERT INTO `backmenu` VALUES (19, 1, '招聘管理', '', '/admin/hr/hr_job.php', 4, 2, 19, 1);
INSERT INTO `backmenu` VALUES (20, 1, '系统菜单', '', '/admin/perm/perm_menu.php', 5, 2, 20, 1);
INSERT INTO `backmenu` VALUES (21, 1, '权限管理', '', '/admin/perm/perm_manage.php', 5, 2, 21, 1);
INSERT INTO `backmenu` VALUES (22, 1, '数据库备份', '', '/phpMyAdmin/', 6, 2, 22, 1);
INSERT INTO `backmenu` VALUES (48, 1, '版面管理', '', '/admin/siteset/pageset.php', 44, 2, 48, 1);
INSERT INTO `backmenu` VALUES (49, 1, '前台菜单', '', '/admin/siteset/webmenu.php', 44, 2, 49, 0);
INSERT INTO `backmenu` VALUES (39, 1, '信息回收站', '', '/admin/news/newsrecycle.php', 3, 2, 39, 1);
INSERT INTO `backmenu` VALUES (41, 1, '产品回收站', '', '/admin/product/productrecycle.php', 1, 2, 41, 1);
INSERT INTO `backmenu` VALUES (46, 1, '站点设定', '', '/admin/siteset/siteset.php', 44, 2, 46, 1);
INSERT INTO `backmenu` VALUES (44, 1, '站点管理', '', 'siteset', 0, 1, 1, 1);

-- --------------------------------------------------------

-- 
-- 表的结构 `dept`
-- 

CREATE TABLE `dept` (
  `id_dept` int(11) NOT NULL auto_increment,
  `dept` varchar(25) NOT NULL,
  `lang` int(1) NOT NULL default '1',
  PRIMARY KEY  (`id_dept`)
) ENGINE=MyISAM  DEFAULT CHARSET=utf8 AUTO_INCREMENT=37 ;

-- 
-- 导出表中的数据 `dept`
-- 

INSERT INTO `dept` VALUES (36, '111', 1);
INSERT INTO `dept` VALUES (35, 'q', 1);

-- --------------------------------------------------------

-- 
-- 表的结构 `exam`
-- 

CREATE TABLE `exam` (
  `id_exam` int(11) NOT NULL auto_increment,
  `lang` int(1) NOT NULL default '1',
  `name` varchar(25) NOT NULL,
  `level` varchar(1) NOT NULL,
  `examdate` date NOT NULL,
  PRIMARY KEY  (`id_exam`)
) ENGINE=MyISAM DEFAULT CHARSET=utf8 AUTO_INCREMENT=1 ;

-- 
-- 导出表中的数据 `exam`
-- 


-- --------------------------------------------------------

-- 
-- 表的结构 `hr`
-- 

CREATE TABLE `hr` (
  `id_hr` int(11) NOT NULL auto_increment,
  `lang` int(1) NOT NULL default '1',
  `name` varchar(25) NOT NULL,
  `sex` int(1) NOT NULL default '1',
  `birthday` date NOT NULL,
  `hrcode` varchar(10) NOT NULL,
  `dept` int(11) NOT NULL,
  `iswork` int(1) NOT NULL default '1',
  `idcard` varchar(28) NOT NULL,
  `ismarry` int(1) NOT NULL,
  `nation` varchar(30) NOT NULL,
  `native` varchar(30) NOT NULL,
  `register` varchar(60) NOT NULL,
  `inwork` date NOT NULL,
  `education` varchar(20) NOT NULL,
  `profession` varchar(20) NOT NULL,
  `school` varchar(40) NOT NULL,
  `political` varchar(20) NOT NULL,
  `post` int(11) NOT NULL,
  `title` int(11) NOT NULL,
  `address` varchar(60) NOT NULL,
  `hometel` varchar(20) NOT NULL,
  `mobi` varchar(20) NOT NULL,
  `photo` varchar(50) NOT NULL,
  `hjqk` text NOT NULL,
  `cfqk` text NOT NULL,
  `gwbd` text NOT NULL,
  `ldht` text NOT NULL,
  `sbjn` text NOT NULL,
  `remark` text NOT NULL,
  `user` varchar(20) NOT NULL,
  `password` varchar(64) NOT NULL,
  `dele` int(1) NOT NULL default '1',
  `level` int(1) NOT NULL default '1',
  `indate` datetime NOT NULL,
  `modate` datetime NOT NULL,
  `deldate` datetime NOT NULL,
  `logindate` datetime NOT NULL,
  `loginip` varchar(16) NOT NULL,
  PRIMARY KEY  (`id_hr`)
) ENGINE=MyISAM  DEFAULT CHARSET=utf8 AUTO_INCREMENT=59 ;

-- 
-- 导出表中的数据 `hr`
-- 

INSERT INTO `hr` VALUES (1, 1, 'administrator', 1, '0000-00-00', '', 36, 1, '', 0, '', '', '', '2011-01-29', '', '', '', '', 9, 15, '', '', '', '', '', '', '', '', '', '', 'admin', 'admin888', 1, 1, '2011-01-29 18:08:13', '2011-02-25 22:22:35', '0000-00-00 00:00:00', '2013-06-13 17:21:24', '113.68.171.92');

-- --------------------------------------------------------

-- 
-- 表的结构 `layout`
-- 

CREATE TABLE `layout` (
  `id_layout` int(11) NOT NULL auto_increment,
  `lang` int(1) NOT NULL default '1',
  `title` varchar(250) NOT NULL,
  `url` text NOT NULL,
  `intro` text NOT NULL,
  `content` text NOT NULL,
  `openstat` int(1) NOT NULL default '1',
  `ordernum` int(11) NOT NULL,
  PRIMARY KEY  (`id_layout`)
) ENGINE=MyISAM  DEFAULT CHARSET=utf8 AUTO_INCREMENT=10 ;

-- 
-- 导出表中的数据 `layout`
-- 

INSERT INTO `layout` VALUES (1, 1, '全局LOGO', '', '全局LOGO', '<h3 style="color:blue;">\r\n	<span style="font-size:48px;"><span style="font-family: verdana, geneva, sans-serif; ">MEREKA</span></span></h3>\r\n', 0, 1);
INSERT INTO `layout` VALUES (2, 1, '中文首页新品介绍', '', '中文首页新品介绍', '', 1, 2);
INSERT INTO `layout` VALUES (5, 1, '英文首页Solution', '', '英文首页Solution', 'Tengyan has no costly licensing fees or risk of vendor lock-in. It can significantly reduce total project integration costs.Thanks to a huge library of free extensions Tengyan has become the most powerful......', 1, 6);
INSERT INTO `layout` VALUES (3, 1, '中文页脚', '', '中文页脚', '© 2012 SHANGHAI TENGYAN TECH CO,.LTD 上海腾岩信息科技有限公司 版权所有 <a href="http://www.miibeian.gov.cn/" target="_blank">沪ICP备10009206号</a> <br />\r\nEmail: info@ty-sh.com biz@ty-sh.com 电话:021-37691017  传真:021-37691567 地址:上海市松江区叶榭双高广场2503室\r\n', 1, 3);
INSERT INTO `layout` VALUES (4, 1, '中文首页解决', '', '中文首页解决', '电力行业应用系统解决方案-智能图像监控系统是我公司根据国情自主开发的、具有自主知识产权的、基于MPEG4数字视频监控系统...', 0, 4);
INSERT INTO `layout` VALUES (6, 1, '英文首页新品介绍', '', '英文首页新品介绍', '', 1, 7);
INSERT INTO `layout` VALUES (7, 1, '英文页脚', '', '英文页脚', '&copy; 2012 SHANGHAI TENGYAN TECH CO,.LTD 上海腾岩信息科技有限公司 版权所有 <a href="http://www.miibeian.gov.cn/" target="_blank">沪ICP备10009206号</a><br />\r\nEmail: info@ty-sh.com biz@ty-sh.com 电话:021-37691017 传真:021-37691567 地址:上海市松江区叶榭双高广场2503室 ', 1, 9);
INSERT INTO `layout` VALUES (8, 1, '中文Banner图及文字', '', 'Banner图及文字', '', 0, 5);
INSERT INTO `layout` VALUES (9, 1, '英文Banner图及文字', '', 'Banner图及文字', '', 0, 8);

-- --------------------------------------------------------

-- 
-- 表的结构 `layoutpic`
-- 

CREATE TABLE `layoutpic` (
  `id_layoutpic` int(11) NOT NULL auto_increment,
  `id_layout` int(11) NOT NULL,
  `id_hr` int(11) NOT NULL,
  `title` varchar(250) NOT NULL,
  `intro` text NOT NULL,
  `url` varchar(250) NOT NULL,
  `opicname` varchar(250) NOT NULL,
  `spicname` varchar(250) NOT NULL,
  `dele` int(1) NOT NULL default '1',
  `type` varchar(3) NOT NULL,
  `indate` datetime NOT NULL,
  `modate` datetime NOT NULL,
  `deldate` datetime NOT NULL,
  `browsecount` int(11) NOT NULL,
  PRIMARY KEY  (`id_layoutpic`)
) ENGINE=MyISAM  DEFAULT CHARSET=utf8 AUTO_INCREMENT=17 ;

-- 
-- 导出表中的数据 `layoutpic`
-- 

INSERT INTO `layoutpic` VALUES (8, 1, 1, '', '', '', '1361855036.gif', '', 1, 'GIF', '2013-02-26 13:03:56', '0000-00-00 00:00:00', '0000-00-00 00:00:00', 0);
INSERT INTO `layoutpic` VALUES (3, 2, 1, '包装材料机械-DPX2000系列', '', '', '1337408038.jpg', '', 1, 'JPG', '2012-05-19 14:13:58', '0000-00-00 00:00:00', '0000-00-00 00:00:00', 0);
INSERT INTO `layoutpic` VALUES (4, 6, 1, 'New Product-DPX2000 series ', '', '', '1337424571.jpg', '', 1, 'JPG', '2012-05-19 18:49:31', '0000-00-00 00:00:00', '0000-00-00 00:00:00', 0);
INSERT INTO `layoutpic` VALUES (9, 8, 1, '网站策划、设计、建设', '七年专业建站技术的积累，让我们引领行业，一直以来，腾岩的技术人员坚持自主创新和自主研发的理念，创新了众多的建设技术,我们会不断的努力......', 'http://www.ty-sh.com/develop/aboutus.php?pageid=16', '1361956485.jpg', '', 1, 'JPG', '2013-02-27 17:14:45', '0000-00-00 00:00:00', '0000-00-00 00:00:00', 0);
INSERT INTO `layoutpic` VALUES (10, 8, 1, '感恩七年 相伴永远', '保持30%增长率 网络领域优质服务商 千家客户共同信任的选择', '#', '1361956519.jpg', '', 1, 'JPG', '2013-02-27 17:15:19', '0000-00-00 00:00:00', '0000-00-00 00:00:00', 0);
INSERT INTO `layoutpic` VALUES (11, 8, 1, '手机网站建设专家', '手机上网，电脑网站，手机网站 同时拥有两个网站，手机电脑均可访问，腾岩科技专注于企业网站建设与开发，拥有强大的智能网站管理软件，为您量身定制各种功能需求......', '#', '1361956545.jpg', '', 1, 'JPG', '2013-02-27 17:15:45', '0000-00-00 00:00:00', '0000-00-00 00:00:00', 0);
INSERT INTO `layoutpic` VALUES (12, 8, 1, '腾岩科技恭祝您蛇年吉祥!', '腾岩帮助您提升网络形象，让您在网络行销领域大步流星，蛇年大运！', '#', '1361956589.jpg', '', 1, 'JPG', '2013-02-27 17:16:29', '0000-00-00 00:00:00', '0000-00-00 00:00:00', 0);
INSERT INTO `layoutpic` VALUES (13, 9, 1, 'Website planning, Design, Construction', 'Accumulation of the seven-year professional development technology, we lead the industry, over the years, the free rock technicians stick to independent innovations and developed a concept, innovation in a wide range of construction technology, we will continue', '#', '1361957749.jpg', '', 1, 'JPG', '2013-02-27 17:35:49', '0000-00-00 00:00:00', '0000-00-00 00:00:00', 0);
INSERT INTO `layoutpic` VALUES (14, 9, 1, 'Seven years of Thanksgiving to be with you forever', 'can provide various solutions for PV power plant project development by establishing strategic alliances with local developers and making direct investments.', '#', '1361957775.jpg', '', 1, 'JPG', '2013-02-27 17:36:15', '0000-00-00 00:00:00', '0000-00-00 00:00:00', 0);
INSERT INTO `layoutpic` VALUES (15, 9, 1, 'The future is amazing,the future is yours', 'We are also cooperating with local developers to more efficiently expand our market share. Hanwha Corporation has 9 corporate bodies and 14 branch offices in the U.S., Europe, and Japan', '#', '1361957800.jpg', '', 1, 'JPG', '2013-02-27 17:36:40', '0000-00-00 00:00:00', '0000-00-00 00:00:00', 0);
INSERT INTO `layoutpic` VALUES (16, 9, 1, 'A leading global resources company', 'can provide various solutions for PV power plant project development by establishing strategic alliances with local developers and making direct investments. ', '#', '1361957828.jpg', '', 1, 'JPG', '2013-02-27 17:37:08', '0000-00-00 00:00:00', '0000-00-00 00:00:00', 0);

-- --------------------------------------------------------

-- 
-- 表的结构 `newsdir`
-- 

CREATE TABLE `newsdir` (
  `id_newsdir` int(11) NOT NULL auto_increment,
  `lang` int(1) NOT NULL default '1',
  `name` varchar(25) NOT NULL,
  `intro` text NOT NULL,
  `dele` int(1) NOT NULL default '1',
  `fatherid` int(11) NOT NULL,
  `level` int(1) NOT NULL,
  `ordernum` int(11) NOT NULL,
  PRIMARY KEY  (`id_newsdir`)
) ENGINE=MyISAM  DEFAULT CHARSET=utf8 AUTO_INCREMENT=33 ;

-- 
-- 导出表中的数据 `newsdir`
-- 

INSERT INTO `newsdir` VALUES (1, 0, 'News', '', 1, 0, 1, 1);
INSERT INTO `newsdir` VALUES (3, 0, 'Company News', '', 1, 1, 2, 0);
INSERT INTO `newsdir` VALUES (4, 0, 'Industry News', '', 1, 1, 2, 0);
INSERT INTO `newsdir` VALUES (5, 0, 'Product News', '', 1, 1, 2, 0);
INSERT INTO `newsdir` VALUES (19, 1, '最新公告', '', 1, 15, 2, 19);
INSERT INTO `newsdir` VALUES (16, 1, '公司新闻', '', 1, 15, 2, 16);
INSERT INTO `newsdir` VALUES (15, 1, '信息中心', '', 1, 0, 1, 15);
INSERT INTO `newsdir` VALUES (10, 0, 'Service', '', 1, 9, 2, 0);
INSERT INTO `newsdir` VALUES (11, 0, 'Tech Service', '', 1, 9, 2, 0);
INSERT INTO `newsdir` VALUES (25, 0, 'Announcement', '', 1, 1, 2, 25);
INSERT INTO `newsdir` VALUES (17, 1, '行业新闻', '', 0, 15, 2, 17);
INSERT INTO `newsdir` VALUES (18, 1, '产品新闻', '', 0, 15, 2, 18);
INSERT INTO `newsdir` VALUES (20, 1, '技术支持', '', 1, 15, 2, 20);
INSERT INTO `newsdir` VALUES (21, 1, '案例展示', '', 1, 15, 2, 21);
INSERT INTO `newsdir` VALUES (22, 1, '人力资源', '', 0, 15, 2, 22);
INSERT INTO `newsdir` VALUES (23, 1, '留言反馈', '', 1, 0, 1, 23);
INSERT INTO `newsdir` VALUES (24, 1, '留言反馈', '', 1, 23, 2, 24);
INSERT INTO `newsdir` VALUES (26, 0, 'Technical Support', '', 1, 1, 2, 26);
INSERT INTO `newsdir` VALUES (27, 0, 'Case', '', 1, 1, 2, 27);
INSERT INTO `newsdir` VALUES (28, 0, 'HR', '', 1, 1, 2, 28);
INSERT INTO `newsdir` VALUES (29, 1, '最新消息', '', 1, 0, 1, 29);
INSERT INTO `newsdir` VALUES (30, 1, '最新消息', '', 1, 29, 2, 30);
INSERT INTO `newsdir` VALUES (31, 0, 'Message', '', 1, 0, 1, 31);
INSERT INTO `newsdir` VALUES (32, 0, 'Message', '', 1, 31, 2, 32);

-- --------------------------------------------------------

-- 
-- 表的结构 `newsinfo`
-- 

CREATE TABLE `newsinfo` (
  `id_newsinfo` int(11) NOT NULL auto_increment,
  `id_newsdir` int(11) NOT NULL,
  `id_hr` int(11) NOT NULL,
  `lang` int(1) NOT NULL default '1',
  `title` varchar(250) NOT NULL,
  `intro` text NOT NULL,
  `content` longtext NOT NULL,
  `tag` text NOT NULL,
  `dele` int(1) NOT NULL default '1',
  `isnew` int(1) NOT NULL default '1',
  `url` varchar(255) NOT NULL,
  `newsdate` date NOT NULL,
  `indate` datetime NOT NULL,
  `modate` datetime NOT NULL,
  `deldate` datetime NOT NULL,
  `browsecount` int(11) NOT NULL,
  `ordernum` int(11) NOT NULL,
  PRIMARY KEY  (`id_newsinfo`)
) ENGINE=MyISAM  DEFAULT CHARSET=utf8 AUTO_INCREMENT=120 ;

-- 
-- 导出表中的数据 `newsinfo`
-- 

INSERT INTO `newsinfo` VALUES (1, 3, 0, 1, ' This ensures a huge range of free, professional and high quality resources.', 'Tengyan has no costly licensing fees or risk of vendor lock-in. It can significantly reduce total project integration costs.Thanks to a huge library of free extensions Tengyan has become the most powerful, robust and extensible Content Management System available today.\r\nTengyan has a massive developers community (more than 2000 members). This ensures a huge range of free, professional and high quality resources.\r\n\r\n', '<p>Tengyan is a market leader. It&rsquo;s been awarded a CMS of the year 2007, 2008 and won a Hall of Fame Award in the 2009 being the Best Open Source PHP CMS.</p>\r\n<p>Tengyan has a massive developers community (more than 2000 members). This ensures a huge range of free, professional and high quality resources.Tengyan has a massive developers community (more than 2000 members). This ensures a huge range of free, professional and high quality resources.</p>\r\n<p>Tengyan has no costly licensing fees or risk of vendor lock-in. It can significantly reduce total project integration costs.Thanks to a huge library of free extensions Tengyan has become the most powerful, robust and extensible Content Management System available today.</p>\r\n<p>Tengyan has no costly licensing fees or risk of vendor lock-in. It can significantly reduce total project integration costs.Thanks to a huge library of free extensions Tengyan has become the most powerful, robust and extensible Content Management System available today.<br />\r\nTengyan has a massive developers community (more than 2000 members). This ensures a huge range of free, professional and high quality resources.</p>\r\n<p>Tengyan has no costly licensing fees or risk of vendor lock-in. It can significantly reduce total project integration costs.Thanks to a huge library of free extensions Tengyan has become the most powerful, robust and extensible Content Management System available today.<br />\r\nTengyan has a massive developers community (more than 2000 members). This ensures a huge range of free, professional and high quality resources.</p>\r\n<p>Tengyan has no costly licensing fees or risk of vendor lock-in. It can significantly reduce total project integration costs.Thanks to a huge library of free extensions Tengyan has become the most powerful, robust and extensible Content Management System available today.</p>', '', 1, 1, '', '2010-12-05', '2010-12-05 14:03:36', '2011-03-24 16:27:26', '0000-00-00 00:00:00', 0, 0);
INSERT INTO `newsinfo` VALUES (2, 3, 0, 1, 'market leader. It’s been awarded a CMS of the year 2007, 2008 and won a Hall ', 'market leader. It’s been awarded a CMS of the year 2007, 2008 and won a Hall of Fame Award in the 2009 being the Best Open Source PHP CMS.\r\n\r\n', '<p>market leader. It&rsquo;s been awarded a CMS of the year 2007, 2008 and won a Hall of Fame Award in the 2009 being the Best Open Source PHP CMS.</p>\r\n<p>Tengyan has a massive developers community (more than 2000 members). This ensures a huge range of free, professional and high quality resources.Tengyan has a massive developers community (more than 2000 members). This ensures a huge range of free, professional and high quality resources.</p>\r\n<p>Tengyan has no costly licensing fees or risk of vendor lock-in. It can significantly reduce total project integration costs.Thanks to a huge library of free extensions Tengyan has become the most powerful, robust and extensible Content Management System available today.</p>\r\n<p>Tengyan has no costly licensing fees or risk of vendor lock-in. It can significantly reduce total project integration costs.Thanks to a huge library of free extensions Tengyan has become the most powerful, robust and extensible Content Management System available today.<br />\r\nTengyan has a massive developers community (more than 2000 members). This ensures a huge range of free, professional and high quality resources.</p>\r\n<p>Tengyan has no costly licensing fees or risk of vendor lock-in. It can significantly reduce total project integration costs.Thanks to a huge library of free extensions Tengyan has become the most powerful, robust and extensible Content Management System available today.<br />\r\nTengyan has a massive developers community (more than 2000 members). This ensures a huge range of free, professional and high quality resources.</p>\r\n<p>Tengyan has no costly licensing fees or risk of vendor lock-in. It can significantly reduce total project integration costs.Thanks to a huge library of free extensions Tengyan has become the most powerful, robust and extensible Content Management System available today.</p>', '', 1, 1, '', '2010-12-05', '2010-12-05 14:03:48', '2011-03-24 16:28:02', '0000-00-00 00:00:00', 0, 0);
INSERT INTO `newsinfo` VALUES (3, 3, 0, 1, 'are involved in manufacturing & construction, finance, and services & leisure', 'are involved in manufacturing & construction, finance, and services & leisureare involved in manufacturing & construction, finance, and services & leisure', 'we are involved in manufacturing &amp; construction, finance, and services &amp; leisure, which includes our parent company, Hanwha Corporation. We have 50 affiliates, six of which are publicly traded, including Hanwha Chemical Corporation and Korea Life Insurance, the second largest insurance company in Korea. Hanwha Chemical Corporation recently acquired a 49.99% stake in Hanwha SolarOne, thus becoming the largest shareholder of the module manufacturer ranked 4th in the world.&nbsp;<br />\r\n<br />\r\nwe are involved in manufacturing &amp; construction, finance, and services &amp; leisure, which includes our parent company, Hanwha Corporation. We have 50 affiliates, six of which are publicly traded, including Hanwha Chemical Corporation and Korea Life Insurance, the second largest insurance company in Korea. Hanwha Chemical Corporation recently acquired a 49.99% stake in Hanwha SolarOne, thus becoming the largest shareholder of the module manufacturer ranked 4th in the world.&nbsp;<br />\r\n<br />\r\nwe are involved in manufacturing &amp; construction, finance, and services &amp; leisure, which includes our parent company, Hanwha Corporation. We have 50 affiliates, six of which are publicly traded, including Hanwha Chemical Corporation and Korea Life Insurance, the second largest insurance company in Korea. Hanwha Chemical Corporation recently acquired a 49.99% stake in Hanwha SolarOne, thus becoming the largest shareholder of the module manufacturer ranked 4th in the world.', '', 1, 1, '', '2010-12-05', '2010-12-05 14:04:03', '2011-03-24 16:41:58', '0000-00-00 00:00:00', 0, 0);
INSERT INTO `newsinfo` VALUES (4, 3, 0, 1, 'high-quality silicon for all its products', 'high-quality silicon for all its productshigh-quality silicon for all its productshigh-quality silicon for all its products', '&nbsp;has invested in a reliable pipeline of high-quality silicon for all its products. Through the acquisition of a highly respected silicon ingot producer and stable, worldwide partnerships that ensure a long-term ingot and wafer supply, we can leverage market fluctuations to obtain the highest quality silicon at significant savings.&nbsp;<br jquery1300955958283="132" />\r\n<br jquery1300955958283="133" />\r\nhas invested in a reliable pipeline of high-quality silicon for all its products. Through the acquisition of a highly respected silicon ingot producer and stable, worldwide partnerships that ensure a long-term ingot and wafer supply, we can leverage market fluctuations to obtain the highest quality silicon at significant savings.&nbsp;<br jquery1300955958283="132" />\r\n<br jquery1300955958283="133" />\r\nhas invested in a reliable pipeline of high-quality silicon for all its products. Through the acquisition of a highly respected silicon ingot producer and stable, worldwide partnerships that ensure a long-term ingot and wafer supply, we can leverage market fluctuations to obtain the highest quality silicon at significant savings.&nbsp;<br jquery1300955958283="132" />\r\n<br jquery1300955958283="133" />\r\nhas invested in a reliable pipeline of high-quality silicon for all its products. Through the acquisition of a highly respected silicon ingot producer and stable, worldwide partnerships that ensure a long-term ingot and wafer supply, we can leverage market fluctuations to obtain the highest quality silicon at significant savings. <br jquery1300955958283="132" />\r\n<br jquery1300955958283="133" />', '', 1, 1, '', '2010-12-05', '2010-12-05 14:04:14', '2011-03-24 16:41:01', '0000-00-00 00:00:00', 0, 0);
INSERT INTO `newsinfo` VALUES (5, 3, 0, 1, ' in the fabrication of integrated circuits and other micro devices', ' in the fabrication of integrated circuits and other micro devices in the fabrication of integrated circuits and other micro devices in the fabrication of integrated circuits and other micro devices', 'such as a silicon crystal, used in the fabrication of integrated circuits and other micro devices. The wafer serves as the substrate for microelectronic devices that are built in and over the wafer and undergoes many microfabrication process steps such as doping or ion implantation, etching, deposition of various materials, and photolithographic patterning. Several types of solar cells are made from such wafers. A solar wafer is a circular solar cell made from the entire wafer (rather than cutting into smaller rectangular solar cells).&nbsp;<br jquery1300955958283="124" />\r\n<br />\r\nsuch as a silicon crystal, used in the fabrication of integrated circuits and other micro devices. The wafer serves as the substrate for microelectronic devices that are built in and over the wafer and undergoes many microfabrication process steps such as doping or ion implantation, etching, deposition of various materials, and photolithographic patterning. Several types of solar cells are made from such wafers. A solar wafer is a circular solar cell made from the entire wafer (rather than cutting into smaller rectangular solar cells).&nbsp;<br jquery1300955958283="124" />\r\n<br />\r\nsuch as a silicon crystal, used in the fabrication of integrated circuits and other micro devices. The wafer serves as the substrate for microelectronic devices that are built in and over the wafer and undergoes many microfabrication process steps such as doping or ion implantation, etching, deposition of various materials, and photolithographic patterning. Several types of solar cells are made from such wafers. A solar wafer is a circular solar cell made from the entire wafer (rather than cutting into smaller rectangular solar cells). <br jquery1300955958283="124" />', '', 1, 1, '', '2010-12-05', '2010-12-05 14:04:25', '2011-03-24 16:40:25', '0000-00-00 00:00:00', 0, 0);
INSERT INTO `newsinfo` VALUES (6, 3, 0, 1, 'metal, that is cast into a shape that is suitable for further processing', 'An ingot is a material, usually metal, that is cast into a shape that is suitable for further processing. Non-metallic and semiconductor materials prepared in bulk may also be referred as ingots, ', 'An ingot is a material, usually metal, that is cast into a shape that is suitable for further processing. Non-metallic and semiconductor materials prepared in bulk may also be referred as ingots, particularly when they are cast by mold based methods. In the semiconductor industry, an ingot is usually a material made of silicon that is processed to produce single crystal silicon. This is then cut and polished to create wafers on which devices ranging from microprocessors to memory devices can be fabricated. <br jquery1300955958283="118" />\r\n<br jquery1300955958283="119" />\r\nAn ingot is a material, usually metal, that is cast into a shape that is suitable for further processing. Non-metallic and semiconductor materials prepared in bulk may also be referred as ingots, particularly when they are cast by mold based methods. In the semiconductor industry, an ingot is usually a material made of silicon that is processed to produce single crystal silicon. This is then cut and polished to create wafers on which devices ranging from microprocessors to memory devices can be fabricated. <br jquery1300955958283="118" />\r\n<br jquery1300955958283="119" />\r\nAn ingot is a material, usually metal, that is cast into a shape that is suitable for further processing. Non-metallic and semiconductor materials prepared in bulk may also be referred as ingots, particularly when they are cast by mold based methods. In the semiconductor industry, an ingot is usually a material made of silicon that is processed to produce single crystal silicon. This is then cut and polished to create wafers on which devices ranging from microprocessors to memory devices can be fabricated. <br jquery1300955958283="118" />\r\n<br jquery1300955958283="119" />', '', 1, 1, '', '2010-12-05', '2010-12-05 14:04:36', '2011-03-24 16:39:37', '0000-00-00 00:00:00', 0, 0);
INSERT INTO `newsinfo` VALUES (7, 3, 0, 1, 'Polysilicon is a material used in the manufacturing of LCD screens', 'Polysilicon is a material used in the manufacturing of LCD screensPolysilicon is a material used in the manufacturing of LCD screens', '<span jquery1300955837591="136">Polysilicon is a material used in the manufacturing of LCD screens in high-end multimedia projectors and PV cells. They offer a better contrast ratio and faster response time than TFT LCD screens<br />\r\n<br />\r\n<span jquery1300955837591="136">Polysilicon is a material used in the manufacturing of LCD screens in high-end multimedia projectors and PV cells. They offer a better contrast ratio and faster response time than TFT LCD screens<br />\r\n<br />\r\n<span jquery1300955837591="136">Polysilicon is a material used in the manufacturing of LCD screens in high-end multimedia projectors and PV cells. They offer a better contrast ratio and faster response time than TFT LCD screens<br />\r\n<br />\r\n<span jquery1300955837591="136">Polysilicon is a material used in the manufacturing of LCD screens in high-end multimedia projectors and PV cells. They offer a better contrast ratio and faster response time than TFT LCD screens</span></span></span></span>', '', 1, 1, '', '2010-12-05', '2010-12-05 14:04:47', '2011-03-24 16:39:03', '0000-00-00 00:00:00', 0, 0);
INSERT INTO `newsinfo` VALUES (8, 3, 0, 1, ' in Ya’an city''s industrial district, which is in Sichuan province', ' in Ya’an city''s industrial district, which is in Sichuan province in Ya’an city''s industrial district, which is in Sichuan province', '&nbsp;in Ya&rsquo;an city''s industrial district, which is in Sichuan province, China. Its has earned $34million USD in sales volume in 2009, and is staffed by 430 employees. Ya&rsquo;an Yongwang Silicon Industry Co., Ltd. started its business in 2008, annually producing 800 tons of polysilicon. It supplies its products to major Chinese solar companies such as<br />\r\n&nbsp;<br />\r\nSolarOne. Yongwang Silicon Industry Co., Ltd. one of our affiliates that produces poly-silicon, is located in Ya&rsquo;an city''s industrial district, which is in Sichuan province, China. Its has earned $34million USD in sales volume in 2009, and is staffed by 430 employees. Ya&rsquo;an Yongwang Silicon Industry Co., Ltd. started its business in 2008, annually producing 800 tons of polysilicon. It supplies its products to major Chinese solar companies such as Hanwha SolarOne.<br />\r\n<br />\r\nSolarOne. Yongwang Silicon Industry Co., Ltd. one of our affiliates that produces poly-silicon, is located in Ya&rsquo;an city''s industrial district, which is in Sichuan province, China. Its has earned $34million USD in sales volume in 2009, and is staffed by 430 employees. Ya&rsquo;an Yongwang Silicon Industry Co., Ltd. started its business in 2008, annually producing 800 tons of polysilicon. It supplies its products to major Chinese solar companies such as Hanwha SolarOne.', '', 1, 1, '', '2010-12-05', '2010-12-05 14:04:56', '2011-03-24 16:38:15', '0000-00-00 00:00:00', 0, 0);
INSERT INTO `newsinfo` VALUES (9, 4, 0, 1, ' Industry Co., Ltd. one of our affiliates that produces poly-silicon', ' Industry Co., Ltd. one of our affiliates that produces poly-silicon, is located in Ya’an city''s industrial district, which is in Sichuan province, China. Its has earned $34million USD in sales volume in 2009', '&nbsp;Industry Co., Ltd. one of our affiliates that produces poly-silicon, is located in Ya&rsquo;an city''s industrial district, which is in Sichuan province, China. Its has earned $34million USD in sales volume in 2009, and is staffed by 430 employees. Ya&rsquo;an Yongwang Silicon Industry Co., Ltd. started its business in 2008, annually producing 800 tons of polysilicon. It supplies its products to major Chinese solar companies such as<br />\r\n&nbsp;<br />\r\nSolarOne. Yongwang Silicon Industry Co., Ltd. one of our affiliates that produces poly-silicon, is located in Ya&rsquo;an city''s industrial district, which is in Sichuan province, China. Its has earned $34million USD in sales volume in 2009, and is staffed by 430 employees. Ya&rsquo;an Yongwang Silicon Industry Co., Ltd. started its business in 2008, annually producing 800 tons of polysilicon. It supplies its products to major Chinese solar companies such as Hanwha SolarOne.<br />\r\n<br />\r\nSolarOne. Yongwang Silicon Industry Co., Ltd. one of our affiliates that produces poly-silicon, is located in Ya&rsquo;an city''s industrial district, which is in Sichuan province, China. Its has earned $34million USD in sales volume in 2009, and is staffed by 430 employees. Ya&rsquo;an Yongwang Silicon Industry Co., Ltd. started its business in 2008, annually producing 800 tons of polysilicon. It supplies its products to major Chinese solar companies such as Hanwha SolarOne.', '', 1, 1, '', '2010-12-05', '2010-12-05 14:05:10', '2011-03-24 16:37:55', '0000-00-00 00:00:00', 0, 0);
INSERT INTO `newsinfo` VALUES (10, 4, 0, 1, 'develops power plant projects by utilizing its own global networks', 'develops power plant projects by utilizing its own global networks', '&nbsp;plant projects by utilizing its own global networks, which are set up for import and export business. We are also cooperating with local developers to more efficiently expand our market share. Hanwha Corporation has 9 corporate bodies and 14 branch offices in the U.S., Europe, and Japan, and we<br />\r\n&nbsp;<br />\r\nsolutions for PV power plant project development by establishing strategic alliances with local developers and making direct investments. develops power plant projects by utilizing its own global networks, which are set up for import and export business. We are also cooperating with local developers to<br />\r\n&nbsp;<br />\r\nmore efficiently expand our market share. Hanwha Corporation has 9 corporate bodies and 14 branch offices in the U.S., Europe, and Japan, and we can provide various solutions for PV power plant project development by establishing strategic alliances with local developers and making direct investments.develops power plant projects by utilizing its own global networks, which are set up for import and export business. We are also cooperating with local developers to more efficiently expand our market share. Hanwha Corporation has 9 corporate bodies and 14 branch offices in the U.S., Europe, and Japan, and we<br />\r\n&nbsp;<br />\r\ncan provide various solutions for PV power plant project development by establishing strategic alliances with local developers and making direct investments. develops power plant projects by utilizing its own global networks, which are set up for import and export business. We are also cooperating with local developers to<br />\r\n&nbsp;<br />\r\nmore efficiently expand our market share. Hanwha Corporation has 9 corporate bodies and 14 branch offices in the U.S., Europe, and Japan, and we can provide various solutions for PV power plant project development by establishing strategic alliances with local developers and making direct investments.', '', 1, 1, '', '2010-12-05', '2010-12-05 14:05:24', '2011-03-24 16:36:17', '0000-00-00 00:00:00', 0, 0);
INSERT INTO `newsinfo` VALUES (11, 4, 0, 1, 'by utilizing its own global networks', ' plant projects by utilizing its own global networks, which are set up for import and export business. We are also cooperating with local developers to more efficiently expand our market share. Hanwha Corporation has 9 corporate bodies and 14 branch offices in the U.S., Europe, and Japan, and we\r\n', '&nbsp;plant projects by utilizing its own global networks, which are set up for import and export business. We are also cooperating with local developers to more efficiently expand our market share. Hanwha Corporation has 9 corporate bodies and 14 branch offices in the U.S., Europe, and Japan, and we<br />\r\n&nbsp;<br />\r\ncan provide various solutions for PV power plant project development by establishing strategic alliances with local developers and making direct investments. develops power plant projects by utilizing its own global networks, which are set up for import and export business. We are also cooperating with local developers to<br />\r\n&nbsp;<br />\r\nmore efficiently expand our market share. Hanwha Corporation has 9 corporate bodies and 14 branch offices in the U.S., Europe, and Japan, and we can provide various solutions for PV power plant project development by establishing strategic alliances with local developers and making direct investments.develops power plant projects by utilizing its own global networks, which are set up for import and export business. We are also cooperating with local developers to more efficiently expand our market share. Hanwha Corporation has 9 corporate bodies and 14 branch offices in the U.S., Europe, and Japan, and we<br />\r\n&nbsp;<br />\r\ncan provide various solutions for PV power plant project development by establishing strategic alliances with local developers and making direct investments. develops power plant projects by utilizing its own global networks, which are set up for import and export business. We are also cooperating with local developers to<br />\r\n&nbsp;<br />\r\nmore efficiently expand our market share. Hanwha Corporation has 9 corporate bodies and 14 branch offices in the U.S., Europe, and Japan, and we can provide various solutions for PV power plant project development by establishing strategic alliances with local developers and making direct investments.', '', 1, 1, '', '2010-12-05', '2010-12-05 14:05:36', '2011-03-24 16:35:56', '0000-00-00 00:00:00', 0, 0);
INSERT INTO `newsinfo` VALUES (12, 4, 0, 1, 'develops power plant projects by utilizing its own global networks', 'develops power plant projects by utilizing its own global networks, which are set up for import and export business. We are also cooperating with local developers to more efficiently expand our market share. Hanwha Corporation has 9 corporate bodies and 14 branch offices in the U.S., Europe, and Japan, and we\r\n', 'develops power plant projects by utilizing its own global networks, which are set up for import and export business. We are also cooperating with local developers to more efficiently expand our market share. Hanwha Corporation has 9 corporate bodies and 14 branch offices in the U.S., Europe, and Japan, and we<br />\r\n&nbsp;<br />\r\ncan provide various solutions for PV power plant project development by establishing strategic alliances with local developers and making direct investments. develops power plant projects by utilizing its own global networks, which are set up for import and export business. We are also cooperating with local developers to<br />\r\n&nbsp;<br />\r\nmore efficiently expand our market share. Hanwha Corporation has 9 corporate bodies and 14 branch offices in the U.S., Europe, and Japan, and we can provide various solutions for PV power plant project development by establishing strategic alliances with local developers and making direct investments.', '', 1, 1, '', '2010-12-05', '2010-12-05 14:05:46', '2011-03-24 16:35:30', '0000-00-00 00:00:00', 0, 0);
INSERT INTO `newsinfo` VALUES (13, 5, 0, 1, 'no costly licensing fees or risk of vendor lock-in.', 'no costly licensing fees or risk of vendor lock-in. It can significantly reduce total project integration costs.Thanks to a huge library of free extensions Tengyan has become the most powerful, robust and extensible Content Management System available today.', 'no costly licensing fees or risk of vendor lock-in. It can significantly reduce total project integration costs.Thanks to a huge library of free extensions Tengyan has become the most powerful, robust and extensible Content Management System available today.\r\n<p>Tengyan has no costly licensing fees or risk of vendor lock-in. It can significantly reduce total project integration costs.Thanks to a huge library of free extensions Tengyan has become the most powerful, robust and extensible Content Management System available today.<br />\r\nTengyan has a massive developers community (more than 2000 members). This ensures a huge range of free, professional and high quality resources.</p>\r\n<p>Tengyan has no costly licensing fees or risk of vendor lock-in. It can significantly reduce total project integration costs.Thanks to a huge library of free extensions Tengyan has become the most powerful, robust and extensible Content Management System available today.<br />\r\nTengyan has a massive developers community (more than 2000 members). This ensures a huge range of free, professional and high quality resources.</p>\r\n<p>Tengyan has no costly licensing fees or risk of vendor lock-in. It can significantly reduce total project integration costs.Thanks to a huge library of free extensions Tengyan has become the most powerful, robust and extensible Content Management System available today.</p>', '', 1, 1, '', '2010-12-05', '2010-12-05 14:07:54', '2011-03-24 16:34:34', '0000-00-00 00:00:00', 0, 0);
INSERT INTO `newsinfo` VALUES (14, 5, 0, 1, 'fees or risk of vendor lock-in. It can significantly reduce total ', 'has no costly licensing fees or risk of vendor lock-in. It can significantly reduce total project integration costs.Thanks to a huge library of free extensions Tengyan has become the most powerful, robust and extensible Content Management System available today.\r\n\r\nTengyan has no costly licensing fees or risk of vendor lock-in. It can significantly reduce total project integration costs.Thanks to a huge library of free extensions Tengyan has become the most powerful, robust and extensible Content Management System available today.\r\nTengyan has a massive developers community (more than 2000 members). This ensures a huge range of free, professional and high quality resources.\r\n\r\nTengyan has no costly licensing fees or risk of vendor lock-in. It can significantly reduce total project integration costs.Thanks to a huge library of free extensions \r\n', 'massive developers community (more than 2000 members). This ensures a huge range of free, professional and high quality resources.\r\n<p>Tengyan has no costly licensing fees or risk of vendor lock-in. It can significantly reduce total project integration costs.Thanks to a huge library of free extensions Tengyan has become the most powerful, robust and extensible Content Management System available today.</p>\r\n<p>Tengyan has no costly licensing fees or risk of vendor lock-in. It can significantly reduce total project integration costs.Thanks to a huge library of free extensions Tengyan has become the most powerful, robust and extensible Content Management System available today.<br />\r\nTengyan has a massive developers community (more than 2000 members). This ensures a huge range of free, professional and high quality resources.</p>\r\n<p>Tengyan has no costly licensing fees or risk of vendor lock-in. It can significantly reduce total project integration costs.Thanks to a huge library of free extensions Tengyan has become the most powerful, robust and extensible Content Management System available today.<br />\r\nTengyan has a massive developers community (more than 2000 members). This ensures a huge range of free, professional and high quality resources.</p>\r\n<p>Tengyan has no costly licensing fees or risk of vendor lock-in. It can significantly reduce total project integration costs.Thanks to a huge library of free extensions Tengyan has become the most powerful, robust and extensible Content Management System available today.massive developers community (more than 2000 members). This ensures a huge range of free, professional and high quality resources.</p>\r\n<p>Tengyan has no costly licensing fees or risk of vendor lock-in. It can significantly reduce total project integration costs.Thanks to a huge library of free extensions Tengyan has become the most powerful, robust and extensible Content Management System available today.</p>\r\n<p>Tengyan has no costly licensing fees or risk of vendor lock-in. It can significantly reduce total project integration costs.Thanks to a huge library of free extensions Tengyan has become the most powerful, robust and extensible Content Management System available today.<br />\r\nTengyan has a massive developers community (more than 2000 members). This ensures a huge range of free, professional and high quality resources.</p>\r\n<p>Tengyan has no costly licensing fees or risk of vendor lock-in. It can significantly reduce total project integration costs.Thanks to a huge library of free extensions Tengyan has become the most powerful, robust and extensible Content Management System available today.<br />\r\nTengyan has a massive developers community (more than 2000 members). This ensures a huge range of free, professional and high quality resources.</p>\r\n<p>Tengyan has no costly licensing fees or risk of vendor lock-in. It can significantly reduce total project integration costs.Thanks to a huge library of free extensions Tengyan has become the most powerful, robust and extensible Content Management System available today.</p>', '', 1, 1, '', '2010-12-05', '2010-12-05 14:08:02', '2011-03-24 16:33:58', '0000-00-00 00:00:00', 0, 0);
INSERT INTO `newsinfo` VALUES (15, 16, 0, 1, '业内人士预测：新一轮股市行情或在四季度展开', 'licensing fees or risk of vendor lock-in. It can significantly reduce total licensing fees or risk of vendor lock-in. It can significantly reduce total ', 'licensing fees or risk of vendor lock-in. It can significantly reduce total project integration costs.Thanks to a huge library of free extensions Tengyan has become the most powerful, robust and extensible Content Management System available today.\r\n<p>Tengyan has no costly licensing fees or risk of vendor lock-in. It can significantly reduce total project integration costs.Thanks to a huge library of free extensions Tengyan has become the most powerful, robust and extensible Content Management System available today.<br />\r\nTengyan has a massive developers community (more than 2000 members). This ensures a huge range of free, professional and high quality resources.</p>\r\n<p>Tengyan has no costly licensing fees or risk of vendor lock-in. It can significantly reduce total project integration costs.Thanks to a huge library of free extensions Tengyan has become the most powerful, robust and extensible Content Management System available today.<br />\r\nTengyan has a massive developers community (more than 2000 members). This ensures a huge range of free, professional and high quality resources.</p>\r\n<p>Tengyan has no costly licensing fees or risk of vendor lock-in. It can significantly reduce total project integration costs.Thanks to a huge library of free extensions Tengyan has become the most powerful, robust and extensible Content Management System available today.</p>', '', 1, 1, '', '2010-12-05', '2010-12-05 14:08:12', '2012-05-14 18:47:05', '0000-00-00 00:00:00', 0, 0);
INSERT INTO `newsinfo` VALUES (16, 17, 0, 1, '筹行情可能流产 专家建议关注小盘股投资机会', 'licensing fees or risk of vendor lock-in. It can significantly licensing fees or risk of vendor lock-in. It can significantly ', 'licensing fees or risk of vendor lock-in. It can significantly reduce total project integration costs.Thanks to a huge library of free extensions Tengyan has become the most powerful, robust and extensible Content Management System available today.\r\n<p>Tengyan has no costly licensing fees or risk of vendor lock-in. It can significantly reduce total project integration costs.Thanks to a huge library of free extensions Tengyan has become the most powerful, robust and extensible Content Management System available today.<br />\r\nTengyan has a massive developers community (more than 2000 members). This ensures a huge range of free, professional and high quality resources.</p>\r\n<p>Tengyan has no costly licensing fees or risk of vendor lock-in. It can significantly reduce total project integration costs.Thanks to a huge library of free extensions Tengyan has become the most powerful, robust and extensible Content Management System available today.<br />\r\nTengyan has a massive developers community (more than 2000 members). This ensures a huge range of free, professional and high quality resources.</p>\r\n<p>Tengyan has no costly licensing fees or risk of vendor lock-in. It can significantly reduce total project integration costs.Thanks to a huge library of free extensions Tengyan has become the most powerful, robust and extensible Content Management System available today.<br />\r\n<br />\r\nlicensing fees or risk of vendor lock-in. It can significantly reduce total project integration costs.Thanks to a huge library of free extensions Tengyan has become the most powerful, robust and extensible Content Management System available today.</p>\r\n<p>Tengyan has no costly licensing fees or risk of vendor lock-in. It can significantly reduce total project integration costs.Thanks to a huge library of free extensions Tengyan has become the most powerful, robust and extensible Content Management System available today.<br />\r\nTengyan has a massive developers community (more than 2000 members). This ensures a huge range of free, professional and high quality resources.</p>\r\n<p>Tengyan has no costly licensing fees or risk of vendor lock-in. It can significantly reduce total project integration costs.Thanks to a huge library of free extensions Tengyan has become the most powerful, robust and extensible Content Management System available today.<br />\r\nTengyan has a massive developers community (more than 2000 members). This ensures a huge range of free, professional and high quality resources.</p>\r\n<p>Tengyan has no costly licensing fees or risk of vendor lock-in. It can significantly reduce total project integration costs.Thanks to a huge library of free extensions Tengyan has become the most powerful, robust and extensible Content Management System available today.</p>', '', 1, 1, '', '2010-12-06', '2010-12-06 10:22:27', '2012-05-18 13:55:00', '0000-00-00 00:00:00', 0, 0);
INSERT INTO `newsinfo` VALUES (17, 17, 0, 1, '我们的客户在过去的几年逐步的增长。上海腾岩信息科技有限公司', 'Tengyan has become the most powerful, robust and extensible  Tengyan has become the most powerful, robust and extensible ', 'huge library of free extensions Tengyan has become the most powerful, robust and extensible Content Management System available today.<br />\r\nTengyan has a massive developers community (more than 2000 members). This ensures a huge range of free, professional and high quality resources.\r\n<p>Tengyan has no costly licensing fees or risk of vendor lock-in. It can significantly reduce total project integration costs.Thanks to a huge library of free extensions Tengyan has become the most powerful, robust and extensible Content Management System available today.<br />\r\nTengyan has a massive developers community (more than 2000 members). This ensures a huge range of free, professional and high quality resources.</p>\r\n<p>Tengyan has no costly licensing fees or risk of vendor lock-in. It can significantly reduce total project integration costs.Thanks to a huge library of free extensions Tengyan has become the most powerful, robust and extensible Content Management System available today.</p>', '', 1, 1, '', '2010-12-06', '2010-12-06 10:22:36', '2012-05-14 18:46:30', '0000-00-00 00:00:00', 0, 0);
INSERT INTO `newsinfo` VALUES (18, 16, 0, 1, '数据库、服务器租用托管业务、网站建设、营运咨询、网站空间、......', 'Tengyan has no costly licensing fees or risk of vendor lock-in.Tengyan has no costly licensing fees or risk of vendor lock-in.', '&nbsp;developers community (more than 2000 members). This ensures a huge range of free, professional and high quality resources.\r\n<p>Tengyan has no costly licensing fees or risk of vendor lock-in. It can significantly reduce total project integration costs.Thanks to a huge library of free extensions Tengyan has become the most powerful, robust and extensible Content Management System available today.</p>\r\n<p>Tengyan has no costly licensing fees or risk of vendor lock-in. It can significantly reduce total project integration costs.Thanks to a huge library of free extensions Tengyan has become the most powerful, robust and extensible Content Management System available today.<br />\r\nTengyan has a massive developers community (more than 2000 members). This ensures a huge range of free, professional and high quality resources.</p>\r\n<p>Tengyan has no costly licensing fees or risk of vendor lock-in. It can significantly reduce total project integration costs.Thanks to a huge library of free extensions Tengyan has become the most powerful, robust and extensible Content Management System available today.<br />\r\nTengyan has a massive developers community (more than 2000 members). This ensures a huge range of free, professional and high quality resources.</p>\r\n<p>Tengyan has no costly licensing fees or risk of vendor lock-in. It can significantly reduce total project integration costs.Thanks to a huge library of free extensions Tengyan has become the most powerful, robust and extensible Content Management System available today.</p>', '', 1, 1, '', '2010-12-06', '2010-12-06 10:22:43', '2012-05-14 18:44:22', '0000-00-00 00:00:00', 0, 0);
INSERT INTO `newsinfo` VALUES (19, 17, 0, 1, '数据库、服务器租用托管业务、网站建设、营运咨询、......', 'risk of vendor lock-in. It can significantly reduce total project integration costsrisk of vendor lock-in. It can significantly reduce total project integration costs', 'risk of vendor lock-in. It can significantly reduce total project integration costs.Thanks to a huge library of free extensions Tengyan has become the most powerful, robust and extensible Content Management System available today.\r\n<p>Tengyan has no costly licensing fees or risk of vendor lock-in. It can significantly reduce total project integration costs.Thanks to a huge library of free extensions Tengyan has become the most powerful, robust and extensible Content Management System available today.<br />\r\nTengyan has a massive developers community (more than 2000 members). This ensures a huge range of free, professional and high quality resources.</p>\r\n<p>Tengyan has no costly licensing fees or risk of vendor lock-in. It can significantly reduce total project integration costs.Thanks to a huge library of free extensions Tengyan has become the most powerful, robust and extensible Content Management System available today.<br />\r\nTengyan has a massive developers community (more than 2000 members). This ensures a huge range of free, professional and high quality resources.</p>\r\n<p>Tengyan has no costly licensing fees or risk of vendor lock-in. It can significantly reduce total project integration costs.Thanks to a huge library of free extensions Tengyan has become the most powerful, robust and extensible Content Management System available today.</p>', '', 1, 1, '', '2010-12-06', '2010-12-06 10:23:05', '2012-05-14 18:44:10', '0000-00-00 00:00:00', 0, 0);
INSERT INTO `newsinfo` VALUES (20, 18, 0, 1, '网站空间、数据库、服务器租用托管业务、网站建设、营运咨询、管理维护等等。', 'developers community (more than 2000 members). This ensures a huge range of free, professional and high quality resources.', 'developers community (more than 2000 members). This ensures a huge range of free, professional and high quality resources.\r\n<p>Tengyan has no costly licensing fees or risk of vendor lock-in. It can significantly reduce total project integration costs.Thanks to a huge library of free extensions Tengyan has become the most powerful, robust and extensible Content Management System available today.</p>\r\n<p>Tengyan has no costly licensing fees or risk of vendor lock-in. It can significantly reduce total project integration costs.Thanks to a huge library of free extensions Tengyan has become the most powerful, robust and extensible Content Management System available today.<br />\r\nTengyan has a massive developers community (more than 2000 members). This ensures a huge range of free, professional and high quality resources.</p>\r\n<p>Tengyan has no costly licensing fees or risk of vendor lock-in. It can significantly reduce total project integration costs.Thanks to a huge library of free extensions Tengyan has become the most powerful, robust and extensible Content Management System available today.<br />\r\nTengyan has a massive developers community (more than 2000 members). This ensures a huge range of free, professional and high quality resources.</p>\r\n<p>Tengyan has no costly licensing fees or risk of vendor lock-in. It can significantly reduce total project integration costs.Thanks to a huge library of free extensions Tengyan has become the most powerful, robust and extensible Content Management System available today.</p>', '', 1, 1, '', '2010-12-06', '2010-12-06 10:23:12', '2012-02-28 16:01:35', '0000-00-00 00:00:00', 0, 0);
INSERT INTO `newsinfo` VALUES (21, 17, 0, 1, '如域名注册、企业邮局、邮件群发', 'This ensures a huge range of free, professional and high quality resources.Tengyan has a massive developers community (more than 2000 members). This ensures a huge range of free, professional and high quality resources.', 'developers community (more than 2000 members). This ensures a huge range of free, professional and high quality resources.Tengyan has a massive developers community (more than 2000 members). This ensures a huge range of free, professional and high quality resources.\r\n<p>Tengyan has no costly licensing fees or risk of vendor lock-in. It can significantly reduce total project integration costs.Thanks to a huge library of free extensions Tengyan has become the most powerful, robust and extensible Content Management System available today.</p>\r\n<p>Tengyan has no costly licensing fees or risk of vendor lock-in. It can significantly reduce total project integration costs.Thanks to a huge library of free extensions Tengyan has become the most powerful, robust and extensible Content Management System available today.<br />\r\nTengyan has a massive developers community (more than 2000 members). This ensures a huge range of free, professional and high quality resources.</p>\r\n<p>Tengyan has no costly licensing fees or risk of vendor lock-in. It can significantly reduce total project integration costs.Thanks to a huge library of free extensions Tengyan has become the most powerful, robust and extensible Content Management System available today.<br />\r\nTengyan has a massive developers community (more than 2000 members). This ensures a huge range of free, professional and high quality resources.</p>\r\n<p>Tengyan has no costly licensing fees or risk of vendor lock-in. It can significantly reduce total project integration costs.Thanks to a huge library of free extensions Tengyan has become the most powerful, robust and extensible Content Management System available today.</p>', '', 1, 1, '', '2010-12-06', '2010-12-06 10:23:18', '2012-02-28 16:01:25', '0000-00-00 00:00:00', 0, 0);
INSERT INTO `newsinfo` VALUES (22, 16, 0, 1, '我们的所涉及的全部服务与技术支持', 'Tengyan has no costly licensing fees or risk of vendor lock-in. It can significantly reduce total project integration costs.Thanks to a huge library of free extensions Tengyan has become the most powerful, robust and extensible Content Management System available today.\r\nTengyan has a massive developers community (more than 2000 members). This ensures a huge range of free, professional and high quality resources.\r\n\r\n', '<div id="inner_contentinner_right3" class="txt">\r\n<p>Tengyan has a massive developers community (more than 2000 members). This ensures a huge range of free, professional and high quality resources.Tengyan has a massive developers community (more than 2000 members). This ensures a huge range of free, professional and high quality resources.</p>\r\n<p>Tengyan has no costly licensing fees or risk of vendor lock-in. It can significantly reduce total project integration costs.Thanks to a huge library of free extensions Tengyan has become the most powerful, robust and extensible Content Management System available today.</p>\r\n<p>Tengyan has no costly licensing fees or risk of vendor lock-in. It can significantly reduce total project integration costs.Thanks to a huge library of free extensions Tengyan has become the most powerful, robust and extensible Content Management System available today.<br />\r\nTengyan has a massive developers community (more than 2000 members). This ensures a huge range of free, professional and high quality resources.</p>\r\n<p>Tengyan has no costly licensing fees or risk of vendor lock-in. It can significantly reduce total project integration costs.Thanks to a huge library of free extensions Tengyan has become the most powerful, robust and extensible Content Management System available today.<br />\r\nTengyan has a massive developers community (more than 2000 members). This ensures a huge range of free, professional and high quality resources.</p>\r\n<p>Tengyan has no costly licensing fees or risk of vendor lock-in. It can significantly reduce total project integration costs.Thanks to a huge library of free extensions Tengyan has become the most powerful, robust and extensible Content Management System available today.</p>\r\n</div>', '', 1, 1, '', '2010-12-06', '2010-12-06 10:23:24', '2012-02-28 16:01:12', '0000-00-00 00:00:00', 0, 0);
INSERT INTO `newsinfo` VALUES (63, 22, 0, 1, '模具设计总监', '', '<p>职位名称：模具设计总监<br />\r\n职位类型：全职<br />\r\n工作经验：3年以上<br />\r\n学历要求：本科<br />\r\n招聘人数：1名<br />\r\n发布时间：2009-12-07</p>\r\n<p>职位描述 <br />\r\n本公司即将设立上海办事处，招聘华东区销售经理一名，负责拓展华东地区业务 <br />\r\n招聘要求 <br />\r\n具有良好的销售和团队管理理念三年以上销售工作经验，一年以上销售经理经验工作责任心强，能承受较大的工作压力 <br />\r\n联 系 人：华海<br />\r\n联系电话：021-87654321<br />\r\n电子邮件：huahai@mycompany.com</p>', '', 1, 1, '', '2012-05-15', '2012-05-15 11:50:44', '0000-00-00 00:00:00', '0000-00-00 00:00:00', 0, 0);
INSERT INTO `newsinfo` VALUES (64, 21, 0, 1, '杭州鑫桥会展有限公司', '', '<br />\r\n<img width="680" height="523" alt="" src="/upload/other/3370672904.jpg" />', '', 1, 1, '', '2012-05-15', '2012-05-15 15:32:10', '2012-05-15 15:36:56', '0000-00-00 00:00:00', 0, 0);
INSERT INTO `newsinfo` VALUES (65, 21, 0, 1, 'DainLife', '', '<br />\r\n<img alt="" width="680" height="564" src="/upload/other/3370745973.jpg" />', '', 1, 1, '', '2012-05-15', '2012-05-15 17:36:37', '2012-05-15 17:37:12', '0000-00-00 00:00:00', 0, 0);
INSERT INTO `newsinfo` VALUES (67, 28, 0, 1, 'test hr', '', 'test hr', '', 1, 1, '', '2012-05-15', '2012-05-15 20:16:27', '0000-00-00 00:00:00', '0000-00-00 00:00:00', 0, 0);
INSERT INTO `newsinfo` VALUES (61, 22, 0, 1, '研发项目经理', '', '<p>职位名称：研发项目经理<br />\r\n职位类型：全职<br />\r\n工作经验：3年以上<br />\r\n学历要求：本科<br />\r\n招聘人数：1名<br />\r\n发布时间：2009-12-07</p>\r\n<p>职位描述 <br />\r\n本公司即将设立上海办事处，招聘华东区销售经理一名，负责拓展华东地区业务 <br />\r\n招聘要求 <br />\r\n具有良好的销售和团队管理理念三年以上销售工作经验，一年以上销售经理经验工作责任心强，能承受较大的工作压力 <br />\r\n联 系 人：华海<br />\r\n联系电话：021-87654321<br />\r\n电子邮件：huahai@mycompany.com</p>', '', 1, 1, '', '2012-05-15', '2012-05-15 11:48:53', '0000-00-00 00:00:00', '0000-00-00 00:00:00', 0, 0);
INSERT INTO `newsinfo` VALUES (62, 22, 0, 1, '华东区销售经理', '', '<p>职位名称：华东区销售经理<br />\r\n职位类型：全职<br />\r\n工作经验：3年以上<br />\r\n学历要求：本科<br />\r\n招聘人数：1名<br />\r\n发布时间：2009-12-07</p>\r\n<p>职位描述 <br />\r\n本公司即将设立上海办事处，招聘华东区销售经理一名，负责拓展华东地区业务 <br />\r\n招聘要求 <br />\r\n具有良好的销售和团队管理理念三年以上销售工作经验，一年以上销售经理经验工作责任心强，能承受较大的工作压力 <br />\r\n联 系 人：华海<br />\r\n联系电话：021-87654321<br />\r\n电子邮件：huahai@mycompany.com</p>', '', 1, 1, '', '2012-05-15', '2012-05-15 11:50:07', '0000-00-00 00:00:00', '0000-00-00 00:00:00', 0, 0);
INSERT INTO `newsinfo` VALUES (60, 16, 0, 1, '互联网技术服务范围已经涵盖互联网', '我们的所涉及的全部服务与技术支持，如域名注册、企业邮局、邮件群发、网站空间、数据库、服务器租用托管业务、网站建设、营运咨询、管理维护等等。\r\n', '我们的互联网技术服务范围已经涵盖互联网所涉及的全部服务与技术支持，如域名注册、企业邮局、邮件群发、网站空间、数据库、服务器租用托管业务、网站建设、营运咨询、管理维护等等。<br />', '', 1, 1, '', '2012-02-27', '2012-02-27 13:41:43', '0000-00-00 00:00:00', '0000-00-00 00:00:00', 0, 0);
INSERT INTO `newsinfo` VALUES (68, 16, 0, 1, '业内人士预测：新一轮股市行情或在四季度展开', 'licensing fees or risk of vendor lock-in. It can significantly reduce total licensing fees or risk of vendor lock-in. It can significantly reduce total ', 'licensing fees or risk of vendor lock-in. It can significantly reduce total project integration costs.Thanks to a huge library of free extensions Tengyan has become the most powerful, robust and extensible Content Management System available today.\r\n<p>Tengyan has no costly licensing fees or risk of vendor lock-in. It can significantly reduce total project integration costs.Thanks to a huge library of free extensions Tengyan has become the most powerful, robust and extensible Content Management System available today.<br />\r\nTengyan has a massive developers community (more than 2000 members). This ensures a huge range of free, professional and high quality resources.</p>\r\n<p>Tengyan has no costly licensing fees or risk of vendor lock-in. It can significantly reduce total project integration costs.Thanks to a huge library of free extensions Tengyan has become the most powerful, robust and extensible Content Management System available today.<br />\r\nTengyan has a massive developers community (more than 2000 members). This ensures a huge range of free, professional and high quality resources.</p>\r\n<p>Tengyan has no costly licensing fees or risk of vendor lock-in. It can significantly reduce total project integration costs.Thanks to a huge library of free extensions Tengyan has become the most powerful, robust and extensible Content Management System available today.</p>', '', 1, 1, '', '2010-12-05', '2010-12-05 14:08:12', '2012-05-14 18:47:05', '0000-00-00 00:00:00', 0, 0);
INSERT INTO `newsinfo` VALUES (69, 17, 0, 1, '筹行情可能流产 专家建议关注小盘股投资机会', 'licensing fees or risk of vendor lock-in. It can significantly licensing fees or risk of vendor lock-in. It can significantly ', 'licensing fees or risk of vendor lock-in. It can significantly reduce total project integration costs.Thanks to a huge library of free extensions Tengyan has become the most powerful, robust and extensible Content Management System available today.\r\n<p>Tengyan has no costly licensing fees or risk of vendor lock-in. It can significantly reduce total project integration costs.Thanks to a huge library of free extensions Tengyan has become the most powerful, robust and extensible Content Management System available today.<br />\r\nTengyan has a massive developers community (more than 2000 members). This ensures a huge range of free, professional and high quality resources.</p>\r\n<p>Tengyan has no costly licensing fees or risk of vendor lock-in. It can significantly reduce total project integration costs.Thanks to a huge library of free extensions Tengyan has become the most powerful, robust and extensible Content Management System available today.<br />\r\nTengyan has a massive developers community (more than 2000 members). This ensures a huge range of free, professional and high quality resources.</p>\r\n<p>Tengyan has no costly licensing fees or risk of vendor lock-in. It can significantly reduce total project integration costs.Thanks to a huge library of free extensions Tengyan has become the most powerful, robust and extensible Content Management System available today.</p>', '', 1, 1, '', '2010-12-06', '2010-12-06 10:22:27', '2012-05-14 18:46:47', '0000-00-00 00:00:00', 0, 0);
INSERT INTO `newsinfo` VALUES (70, 17, 0, 1, '我们的客户在过去的几年逐步的增长。上海腾岩信息科技有限公司', 'Tengyan has become the most powerful, robust and extensible  Tengyan has become the most powerful, robust and extensible ', 'huge library of free extensions Tengyan has become the most powerful, robust and extensible Content Management System available today.<br />\r\nTengyan has a massive developers community (more than 2000 members). This ensures a huge range of free, professional and high quality resources.\r\n<p>Tengyan has no costly licensing fees or risk of vendor lock-in. It can significantly reduce total project integration costs.Thanks to a huge library of free extensions Tengyan has become the most powerful, robust and extensible Content Management System available today.<br />\r\nTengyan has a massive developers community (more than 2000 members). This ensures a huge range of free, professional and high quality resources.</p>\r\n<p>Tengyan has no costly licensing fees or risk of vendor lock-in. It can significantly reduce total project integration costs.Thanks to a huge library of free extensions Tengyan has become the most powerful, robust and extensible Content Management System available today.</p>', '', 1, 1, '', '2010-12-06', '2010-12-06 10:22:36', '2012-05-14 18:46:30', '0000-00-00 00:00:00', 0, 0);
INSERT INTO `newsinfo` VALUES (71, 16, 0, 1, '数据库、服务器租用托管业务、网站建设、营运咨询、网站空间、......', 'Tengyan has no costly licensing fees or risk of vendor lock-in.Tengyan has no costly licensing fees or risk of vendor lock-in.', '&nbsp;developers community (more than 2000 members). This ensures a huge range of free, professional and high quality resources.\r\n<p>Tengyan has no costly licensing fees or risk of vendor lock-in. It can significantly reduce total project integration costs.Thanks to a huge library of free extensions Tengyan has become the most powerful, robust and extensible Content Management System available today.</p>\r\n<p>Tengyan has no costly licensing fees or risk of vendor lock-in. It can significantly reduce total project integration costs.Thanks to a huge library of free extensions Tengyan has become the most powerful, robust and extensible Content Management System available today.<br />\r\nTengyan has a massive developers community (more than 2000 members). This ensures a huge range of free, professional and high quality resources.</p>\r\n<p>Tengyan has no costly licensing fees or risk of vendor lock-in. It can significantly reduce total project integration costs.Thanks to a huge library of free extensions Tengyan has become the most powerful, robust and extensible Content Management System available today.<br />\r\nTengyan has a massive developers community (more than 2000 members). This ensures a huge range of free, professional and high quality resources.</p>\r\n<p>Tengyan has no costly licensing fees or risk of vendor lock-in. It can significantly reduce total project integration costs.Thanks to a huge library of free extensions Tengyan has become the most powerful, robust and extensible Content Management System available today.</p>', '', 1, 1, '', '2010-12-06', '2010-12-06 10:22:43', '2012-05-14 18:44:22', '0000-00-00 00:00:00', 0, 0);
INSERT INTO `newsinfo` VALUES (72, 17, 0, 1, '数据库、服务器租用托管业务、网站建设、营运咨询、......', 'risk of vendor lock-in. It can significantly reduce total project integration costsrisk of vendor lock-in. It can significantly reduce total project integration costs', 'risk of vendor lock-in. It can significantly reduce total project integration costs.Thanks to a huge library of free extensions Tengyan has become the most powerful, robust and extensible Content Management System available today.\r\n<p>Tengyan has no costly licensing fees or risk of vendor lock-in. It can significantly reduce total project integration costs.Thanks to a huge library of free extensions Tengyan has become the most powerful, robust and extensible Content Management System available today.<br />\r\nTengyan has a massive developers community (more than 2000 members). This ensures a huge range of free, professional and high quality resources.</p>\r\n<p>Tengyan has no costly licensing fees or risk of vendor lock-in. It can significantly reduce total project integration costs.Thanks to a huge library of free extensions Tengyan has become the most powerful, robust and extensible Content Management System available today.<br />\r\nTengyan has a massive developers community (more than 2000 members). This ensures a huge range of free, professional and high quality resources.</p>\r\n<p>Tengyan has no costly licensing fees or risk of vendor lock-in. It can significantly reduce total project integration costs.Thanks to a huge library of free extensions Tengyan has become the most powerful, robust and extensible Content Management System available today.</p>', '', 1, 1, '', '2010-12-06', '2010-12-06 10:23:05', '2012-05-14 18:44:10', '0000-00-00 00:00:00', 0, 0);
INSERT INTO `newsinfo` VALUES (73, 18, 0, 1, '网站空间、数据库、服务器租用托管业务、网站建设、营运咨询、管理维护等等。', 'developers community (more than 2000 members). This ensures a huge range of free, professional and high quality resources.', 'developers community (more than 2000 members). This ensures a huge range of free, professional and high quality resources.\r\n<p>Tengyan has no costly licensing fees or risk of vendor lock-in. It can significantly reduce total project integration costs.Thanks to a huge library of free extensions Tengyan has become the most powerful, robust and extensible Content Management System available today.</p>\r\n<p>Tengyan has no costly licensing fees or risk of vendor lock-in. It can significantly reduce total project integration costs.Thanks to a huge library of free extensions Tengyan has become the most powerful, robust and extensible Content Management System available today.<br />\r\nTengyan has a massive developers community (more than 2000 members). This ensures a huge range of free, professional and high quality resources.</p>\r\n<p>Tengyan has no costly licensing fees or risk of vendor lock-in. It can significantly reduce total project integration costs.Thanks to a huge library of free extensions Tengyan has become the most powerful, robust and extensible Content Management System available today.<br />\r\nTengyan has a massive developers community (more than 2000 members). This ensures a huge range of free, professional and high quality resources.</p>\r\n<p>Tengyan has no costly licensing fees or risk of vendor lock-in. It can significantly reduce total project integration costs.Thanks to a huge library of free extensions Tengyan has become the most powerful, robust and extensible Content Management System available today.</p>', '', 1, 1, '', '2010-12-06', '2010-12-06 10:23:12', '2012-02-28 16:01:35', '0000-00-00 00:00:00', 0, 0);
INSERT INTO `newsinfo` VALUES (74, 17, 0, 1, '如域名注册、企业邮局、邮件群发', 'This ensures a huge range of free, professional and high quality resources.Tengyan has a massive developers community (more than 2000 members). This ensures a huge range of free, professional and high quality resources.', 'developers community (more than 2000 members). This ensures a huge range of free, professional and high quality resources.Tengyan has a massive developers community (more than 2000 members). This ensures a huge range of free, professional and high quality resources.\r\n<p>Tengyan has no costly licensing fees or risk of vendor lock-in. It can significantly reduce total project integration costs.Thanks to a huge library of free extensions Tengyan has become the most powerful, robust and extensible Content Management System available today.</p>\r\n<p>Tengyan has no costly licensing fees or risk of vendor lock-in. It can significantly reduce total project integration costs.Thanks to a huge library of free extensions Tengyan has become the most powerful, robust and extensible Content Management System available today.<br />\r\nTengyan has a massive developers community (more than 2000 members). This ensures a huge range of free, professional and high quality resources.</p>\r\n<p>Tengyan has no costly licensing fees or risk of vendor lock-in. It can significantly reduce total project integration costs.Thanks to a huge library of free extensions Tengyan has become the most powerful, robust and extensible Content Management System available today.<br />\r\nTengyan has a massive developers community (more than 2000 members). This ensures a huge range of free, professional and high quality resources.</p>\r\n<p>Tengyan has no costly licensing fees or risk of vendor lock-in. It can significantly reduce total project integration costs.Thanks to a huge library of free extensions Tengyan has become the most powerful, robust and extensible Content Management System available today.</p>', '', 1, 1, '', '2010-12-06', '2010-12-06 10:23:18', '2012-02-28 16:01:25', '0000-00-00 00:00:00', 0, 0);
INSERT INTO `newsinfo` VALUES (75, 16, 0, 1, '我们的所涉及的全部服务与技术支持', 'Tengyan has no costly licensing fees or risk of vendor lock-in. It can significantly reduce total project integration costs.Thanks to a huge library of free extensions Tengyan has become the most powerful, robust and extensible Content Management System available today.\r\nTengyan has a massive developers community (more than 2000 members). This ensures a huge range of free, professional and high quality resources.\r\n\r\n', '<div id="inner_contentinner_right3" class="txt">\r\n<p>Tengyan has a massive developers community (more than 2000 members). This ensures a huge range of free, professional and high quality resources.Tengyan has a massive developers community (more than 2000 members). This ensures a huge range of free, professional and high quality resources.</p>\r\n<p>Tengyan has no costly licensing fees or risk of vendor lock-in. It can significantly reduce total project integration costs.Thanks to a huge library of free extensions Tengyan has become the most powerful, robust and extensible Content Management System available today.</p>\r\n<p>Tengyan has no costly licensing fees or risk of vendor lock-in. It can significantly reduce total project integration costs.Thanks to a huge library of free extensions Tengyan has become the most powerful, robust and extensible Content Management System available today.<br />\r\nTengyan has a massive developers community (more than 2000 members). This ensures a huge range of free, professional and high quality resources.</p>\r\n<p>Tengyan has no costly licensing fees or risk of vendor lock-in. It can significantly reduce total project integration costs.Thanks to a huge library of free extensions Tengyan has become the most powerful, robust and extensible Content Management System available today.<br />\r\nTengyan has a massive developers community (more than 2000 members). This ensures a huge range of free, professional and high quality resources.</p>\r\n<p>Tengyan has no costly licensing fees or risk of vendor lock-in. It can significantly reduce total project integration costs.Thanks to a huge library of free extensions Tengyan has become the most powerful, robust and extensible Content Management System available today.</p>\r\n</div>', '', 1, 1, '', '2010-12-06', '2010-12-06 10:23:24', '2012-02-28 16:01:12', '0000-00-00 00:00:00', 0, 0);
INSERT INTO `newsinfo` VALUES (77, 30, 0, 1, '电力行业应用系统解决方案', '20 Dev 2011', '电力行业应用系统解决方案-智能图像监控系统是我公司根据国情自主开发的、具有自主知识产权的、基于MPEG4数字视频监控系统...', '', 1, 1, '', '2012-05-19', '2012-05-19 14:46:39', '0000-00-00 00:00:00', '0000-00-00 00:00:00', 0, 0);
INSERT INTO `newsinfo` VALUES (78, 30, 0, 1, '中国机械工程公司是是机械行业中集工程承包', '13 Dec 2011', '中国机械工程公司是是机械行业中集工程承包、设备集成、技术服务、进出口贸易为一体的专业工程公司。公司具有对外工程承包经营、进出口贸易、甲级机械工程设计、甲级设备监理资质、压力容器和环境工程专项设计资质......', '', 1, 1, '', '2012-05-19', '2012-05-19 14:47:15', '0000-00-00 00:00:00', '0000-00-00 00:00:00', 0, 0);
INSERT INTO `newsinfo` VALUES (79, 30, 0, 1, '通过工程起重机公司汽车吊工艺技术人员加班加点的努力工作', '09 Dec 2011', '通过工程起重机公司汽车吊工艺技术人员加班加点的努力工作，一条全新的中吨位汽车起重机吊臂装配流水线于年底前在中联重科泉塘工业园投入使用......', '', 1, 1, '', '2012-05-19', '2012-05-19 14:47:49', '0000-00-00 00:00:00', '0000-00-00 00:00:00', 0, 0);
INSERT INTO `newsinfo` VALUES (80, 30, 0, 1, '中国机械工程公司3种新产品顺利通过鉴定', '22 Nov 2011', '中国机械工程公司3种新产品顺利通过鉴定，标志着公司研发能力及制造水平<br />\r\n已达到国际水平，再次迈上了新台阶。', '', 1, 1, '', '2012-05-19', '2012-05-19 14:48:23', '2012-05-19 14:56:08', '0000-00-00 00:00:00', 0, 0);
INSERT INTO `newsinfo` VALUES (81, 21, 0, 1, '上海蓝颜化工有限公司', '', '<br />\r\n<img alt="" width="500" height="333" src="/upload/other/3374115775.jpg" />', '', 1, 1, '', '2012-05-19', '2012-05-19 15:12:55', '2012-05-19 15:13:20', '0000-00-00 00:00:00', 0, 0);
INSERT INTO `newsinfo` VALUES (82, 21, 0, 1, 'DOCHEM中文', '', '<br />\r\n<img alt="" width="500" height="333" src="/upload/other/3374116511.jpg" />', '', 1, 1, '', '2012-05-19', '2012-05-19 15:14:16', '2012-05-19 15:14:33', '0000-00-00 00:00:00', 0, 0);
INSERT INTO `newsinfo` VALUES (83, 21, 0, 1, 'DOCHEM欧企', '', '<br />\r\n<img width="500" height="333" alt="" src="/upload/other/3374117541.jpg" />', '', 1, 1, '', '2012-05-19', '2012-05-19 15:15:04', '2012-05-19 15:15:53', '0000-00-00 00:00:00', 0, 0);
INSERT INTO `newsinfo` VALUES (84, 21, 0, 1, '上海钱币礼品网', '', '<br />\r\n<img alt="" width="500" height="333" src="/upload/other/3374118404.jpg" />', '', 1, 1, '', '2012-05-19', '2012-05-19 15:16:55', '2012-05-19 15:17:43', '0000-00-00 00:00:00', 0, 0);
INSERT INTO `newsinfo` VALUES (85, 21, 0, 1, '上海帝全自动化有限公司', '', '<br />\r\n<img alt="" width="500" height="333" src="/upload/other/3374118859.jpg" />', '', 1, 1, '', '2012-05-19', '2012-05-19 15:18:25', '2012-05-19 15:19:27', '0000-00-00 00:00:00', 0, 0);
INSERT INTO `newsinfo` VALUES (86, 21, 0, 1, '江苏凯达集团', '', '<br />\r\n<img alt="" width="500" height="333" src="/upload/other/3374119901.jpg" />', '', 1, 1, '', '2012-05-19', '2012-05-19 15:20:03', '2012-05-19 15:20:09', '0000-00-00 00:00:00', 0, 0);
INSERT INTO `newsinfo` VALUES (87, 21, 0, 1, '上海正阳电子', '', '<br />\r\n<img width="500" height="333" alt="" src="/upload/other/3374221693.jpg" />', '', 1, 1, '', '2012-05-19', '2012-05-19 18:09:40', '0000-00-00 00:00:00', '0000-00-00 00:00:00', 0, 0);
INSERT INTO `newsinfo` VALUES (88, 21, 0, 1, '南京远寰科技有限公司', '', '<br />\r\n<img width="500" height="333" alt="" src="/upload/other/3374222285.jpg" /><br />', '', 1, 1, '', '2012-05-19', '2012-05-19 18:10:50', '0000-00-00 00:00:00', '0000-00-00 00:00:00', 0, 0);
INSERT INTO `newsinfo` VALUES (89, 21, 0, 1, '广州百志灯光', '', '<br />\r\n<img width="500" height="333" alt="" src="/upload/other/3374222882.jpg" />', '', 1, 1, '', '2012-05-19', '2012-05-19 18:11:39', '0000-00-00 00:00:00', '0000-00-00 00:00:00', 0, 0);
INSERT INTO `newsinfo` VALUES (90, 21, 0, 1, '上海伊澄贸易', '', '<br />\r\n<img width="500" height="333" alt="" src="/upload/other/3374223316.jpg" /><br />', '', 1, 1, '', '2012-05-19', '2012-05-19 18:12:29', '0000-00-00 00:00:00', '0000-00-00 00:00:00', 0, 0);
INSERT INTO `newsinfo` VALUES (91, 21, 0, 1, '凯诗达皮具', '', '<br />\r\n<img width="500" height="333" alt="" src="/upload/other/3374224039.jpg" />', '', 1, 1, '', '2012-05-19', '2012-05-19 18:13:43', '0000-00-00 00:00:00', '0000-00-00 00:00:00', 0, 0);
INSERT INTO `newsinfo` VALUES (92, 21, 0, 1, '特拇斯安防', '', '<br />\r\n<img width="500" height="333" alt="" src="/upload/other/3374224871.jpg" />', '', 1, 1, '', '2012-05-19', '2012-05-19 18:15:00', '0000-00-00 00:00:00', '0000-00-00 00:00:00', 0, 0);
INSERT INTO `newsinfo` VALUES (93, 21, 0, 1, '上海中西进修学院', '', '<br />\r\n<img width="500" height="333" alt="" src="/upload/other/3374225684.jpg" />', '', 1, 1, '', '2012-05-19', '2012-05-19 18:16:19', '0000-00-00 00:00:00', '0000-00-00 00:00:00', 0, 0);
INSERT INTO `newsinfo` VALUES (94, 21, 0, 1, '中国电商经营网', '', '<br />\r\n<img width="500" height="333" alt="" src="/upload/other/3374226218.jpg" />', '', 1, 1, '', '2012-05-19', '2012-05-19 18:17:12', '0000-00-00 00:00:00', '0000-00-00 00:00:00', 0, 0);
INSERT INTO `newsinfo` VALUES (95, 32, 0, 1, 'Tengyan has no costly licensing fees ', '22 Nov 2011', 'Tengyan has no costly licensing fees or risk of vendor lock-in. It can significantly reduce total project integration costs.Thanks to a huge library of free extensions', '', 1, 1, '', '2012-05-19', '2012-05-19 18:51:02', '2012-05-19 18:55:14', '0000-00-00 00:00:00', 0, 0);
INSERT INTO `newsinfo` VALUES (99, 3, 0, 1, 'Company News Test', '', 'Company News Test<br />\r\nCompany News Test<br />\r\nCompany News Test Company News Test<br />\r\nCompany News Test Company News Test Company News Test', '', 1, 1, '', '2012-05-21', '2012-05-21 09:38:02', '0000-00-00 00:00:00', '0000-00-00 00:00:00', 0, 0);
INSERT INTO `newsinfo` VALUES (96, 32, 0, 1, 'plant projects by utilizing its own global', '09 Dec 2011', 'plant projects by utilizing its own global networks, which are set up for import and export business.', '', 1, 1, '', '2012-05-19', '2012-05-19 18:52:24', '2012-05-19 18:52:30', '0000-00-00 00:00:00', 0, 0);
INSERT INTO `newsinfo` VALUES (97, 32, 0, 1, 'We are also cooperating with', '13 Dec 2011', 'We are also cooperating with local developers to more efficiently expand our market share.', '', 1, 1, '', '2012-05-19', '2012-05-19 18:53:00', '2012-05-19 18:53:06', '0000-00-00 00:00:00', 0, 0);
INSERT INTO `newsinfo` VALUES (98, 32, 0, 1, 'Hanwha Corporation has 9 corporate ', '20 Dev 2011', 'Hanwha Corporation has 9 corporate bodies and 14 branch offices in the U.S., Europe, and Japan\r\n', '', 1, 1, '', '2012-05-19', '2012-05-19 18:53:38', '2012-05-27 14:19:59', '0000-00-00 00:00:00', 0, 0);
INSERT INTO `newsinfo` VALUES (115, 27, 0, 0, 'HANGZHOU XINQIAO', '', '<br />\r\n<img alt="" width="680" height="523" src="/upload/other/3370672904.jpg" />', '', 1, 1, '', '2012-05-15', '2012-05-15 15:32:10', '2012-05-21 11:29:55', '0000-00-00 00:00:00', 0, 0);
INSERT INTO `newsinfo` VALUES (100, 27, 0, 0, 'DainLife', '', '<br />\r\n<img alt="" width="680" height="564" src="/upload/other/3370745973.jpg" />', '', 1, 1, '', '2012-05-15', '2012-05-15 17:36:37', '2012-05-15 17:37:12', '0000-00-00 00:00:00', 0, 0);
INSERT INTO `newsinfo` VALUES (101, 27, 0, 0, 'BLUE CHEMICAL', '', '<br />\r\n<img alt="" width="500" height="333" src="/upload/other/3374115775.jpg" />', '', 1, 1, '', '2012-05-19', '2012-05-19 15:12:55', '2012-05-21 11:29:32', '0000-00-00 00:00:00', 0, 0);
INSERT INTO `newsinfo` VALUES (102, 27, 0, 0, 'DOCHEM中文', '', '<br />\r\n<img alt="" width="500" height="333" src="/upload/other/3374116511.jpg" />', '', 1, 1, '', '2012-05-19', '2012-05-19 15:14:16', '2012-05-19 15:14:33', '0000-00-00 00:00:00', 0, 0);
INSERT INTO `newsinfo` VALUES (103, 27, 0, 0, 'DOCHEM欧企', '', '<br />\r\n<img width="500" height="333" alt="" src="/upload/other/3374117541.jpg" />', '', 1, 1, '', '2012-05-19', '2012-05-19 15:15:04', '2012-05-19 15:15:53', '0000-00-00 00:00:00', 0, 0);
INSERT INTO `newsinfo` VALUES (104, 27, 0, 0, 'QIANBILIPIN', '', '<br />\r\n<img alt="" width="500" height="333" src="/upload/other/3374118404.jpg" />', '', 1, 1, '', '2012-05-19', '2012-05-19 15:16:55', '2012-05-21 11:28:45', '0000-00-00 00:00:00', 0, 0);
INSERT INTO `newsinfo` VALUES (105, 27, 0, 0, 'RINGPACK', '', '<br />\r\n<img alt="" width="500" height="333" src="/upload/other/3374118859.jpg" />', '', 1, 1, '', '2012-05-19', '2012-05-19 15:18:25', '2012-05-21 11:28:23', '0000-00-00 00:00:00', 0, 0);
INSERT INTO `newsinfo` VALUES (106, 27, 0, 0, 'KAIDA', '', '<br />\r\n<img alt="" width="500" height="333" src="/upload/other/3374119901.jpg" />', '', 1, 1, '', '2012-05-19', '2012-05-19 15:20:03', '2012-05-21 11:28:01', '0000-00-00 00:00:00', 0, 0);
INSERT INTO `newsinfo` VALUES (107, 27, 0, 0, 'YUANQIKEJI', '', '<br />\r\n<img alt="" width="500" height="333" src="/upload/other/3374221693.jpg" />', '', 1, 1, '', '2012-05-19', '2012-05-19 18:09:40', '2012-05-21 11:27:37', '0000-00-00 00:00:00', 0, 0);
INSERT INTO `newsinfo` VALUES (108, 27, 0, 0, 'NANJING YUANHUAN', '', '<br />\r\n<img alt="" width="500" height="333" src="/upload/other/3374222285.jpg" /><br />', '', 1, 1, '', '2012-05-19', '2012-05-19 18:10:50', '2012-05-21 11:27:09', '0000-00-00 00:00:00', 0, 0);
INSERT INTO `newsinfo` VALUES (109, 27, 0, 0, 'ENTAR', '', '<br />\r\n<img alt="" width="500" height="333" src="/upload/other/3374222882.jpg" />', '', 1, 1, '', '2012-05-19', '2012-05-19 18:11:39', '2012-05-21 11:26:42', '0000-00-00 00:00:00', 0, 0);
INSERT INTO `newsinfo` VALUES (110, 27, 0, 0, 'IZUMI', '', '<br />\r\n<img alt="" width="500" height="333" src="/upload/other/3374223316.jpg" /><br />', '', 1, 1, '', '2012-05-19', '2012-05-19 18:12:29', '2012-05-21 11:25:25', '0000-00-00 00:00:00', 0, 0);
INSERT INTO `newsinfo` VALUES (111, 27, 0, 0, 'KAISHIDA', '', '<br />\r\n<img alt="" width="500" height="333" src="/upload/other/3374224039.jpg" />', '', 1, 1, '', '2012-05-19', '2012-05-19 18:13:43', '2012-05-21 11:24:32', '0000-00-00 00:00:00', 0, 0);
INSERT INTO `newsinfo` VALUES (112, 27, 0, 0, 'TERMUSI', '', '<br />\r\n<img alt="" width="500" height="333" src="/upload/other/3374224871.jpg" />', '', 1, 1, '', '2012-05-19', '2012-05-19 18:15:00', '2012-05-21 11:24:08', '0000-00-00 00:00:00', 0, 0);
INSERT INTO `newsinfo` VALUES (113, 27, 0, 0, 'LONG ISLAND', '', '<br />\r\n<img alt="" width="500" height="333" src="/upload/other/3374225684.jpg" />', '', 1, 1, '', '2012-05-19', '2012-05-19 18:16:19', '2012-05-21 11:23:37', '0000-00-00 00:00:00', 0, 0);
INSERT INTO `newsinfo` VALUES (114, 27, 0, 0, 'CHINA BIZ WEB', '', '<br />\r\n<img alt="" width="500" height="333" src="/upload/other/3374226218.jpg" />', '', 1, 1, '', '2012-05-19', '2012-05-19 18:17:12', '2012-05-21 11:26:00', '0000-00-00 00:00:00', 0, 0);
INSERT INTO `newsinfo` VALUES (116, 24, 0, 1, '留言反馈:2013-02-26 05:08:48', '', 'test', '', 1, 1, '', '2013-02-26', '2013-02-26 13:08:48', '0000-00-00 00:00:00', '0000-00-00 00:00:00', 0, 0);

-- --------------------------------------------------------

-- 
-- 表的结构 `newspic`
-- 

CREATE TABLE `newspic` (
  `id_newspic` int(11) NOT NULL auto_increment,
  `id_newsinfo` int(11) NOT NULL,
  `id_hr` int(11) NOT NULL,
  `title` varchar(250) NOT NULL,
  `intro` text NOT NULL,
  `url` varchar(250) NOT NULL,
  `opicname` varchar(250) NOT NULL,
  `spicname` varchar(250) NOT NULL,
  `dele` int(1) NOT NULL default '1',
  `type` varchar(3) NOT NULL,
  `indate` datetime NOT NULL,
  `modate` datetime NOT NULL,
  `deldate` datetime NOT NULL,
  `browsecount` int(11) NOT NULL,
  PRIMARY KEY  (`id_newspic`)
) ENGINE=MyISAM  DEFAULT CHARSET=utf8 AUTO_INCREMENT=38 ;

-- 
-- 导出表中的数据 `newspic`
-- 

INSERT INTO `newspic` VALUES (1, 59, 57, '', '', '', '1298517017.jpg', '', 1, 'JPG', '2011-02-24 11:10:17', '0000-00-00 00:00:00', '0000-00-00 00:00:00', 0);
INSERT INTO `newspic` VALUES (2, 57, 57, '', '', '', '1298526718.jpg', '', 1, 'JPG', '2011-02-24 13:51:58', '0000-00-00 00:00:00', '0000-00-00 00:00:00', 0);
INSERT INTO `newspic` VALUES (6, 53, 1, '111111', '111111111111111111', '1111111', '1300872682.jpg', '', 1, 'JPG', '2011-03-23 17:31:22', '0000-00-00 00:00:00', '0000-00-00 00:00:00', 0);
INSERT INTO `newspic` VALUES (7, 53, 1, '22', '222', '22', '1300873167.jpg', '', 1, 'JPG', '2011-03-23 17:39:27', '0000-00-00 00:00:00', '0000-00-00 00:00:00', 0);
INSERT INTO `newspic` VALUES (8, 64, 1, '杭州鑫桥会展有限公司', '', '', '1337067146.jpg', '', 1, 'JPG', '2012-05-15 15:32:26', '0000-00-00 00:00:00', '0000-00-00 00:00:00', 0);
INSERT INTO `newspic` VALUES (9, 65, 1, 'DainLife', '', '', '1337074629.jpg', '', 1, 'JPG', '2012-05-15 17:37:09', '0000-00-00 00:00:00', '0000-00-00 00:00:00', 0);
INSERT INTO `newspic` VALUES (10, 81, 1, '', '', '', '1337411609.jpg', '', 1, 'JPG', '2012-05-19 15:13:29', '0000-00-00 00:00:00', '0000-00-00 00:00:00', 0);
INSERT INTO `newspic` VALUES (11, 82, 1, '', '', '', '1337411672.jpg', '', 1, 'JPG', '2012-05-19 15:14:32', '0000-00-00 00:00:00', '0000-00-00 00:00:00', 0);
INSERT INTO `newspic` VALUES (12, 83, 1, '', '', '', '1337411733.jpg', '', 1, 'JPG', '2012-05-19 15:15:34', '0000-00-00 00:00:00', '0000-00-00 00:00:00', 0);
INSERT INTO `newspic` VALUES (13, 84, 1, '', '', '', '1337411852.jpg', '', 1, 'JPG', '2012-05-19 15:17:32', '0000-00-00 00:00:00', '0000-00-00 00:00:00', 0);
INSERT INTO `newspic` VALUES (14, 85, 1, '', '', '', '1337411918.jpg', '', 1, 'JPG', '2012-05-19 15:18:38', '0000-00-00 00:00:00', '0000-00-00 00:00:00', 0);
INSERT INTO `newspic` VALUES (15, 86, 1, '', '', '', '1337412016.jpg', '', 1, 'JPG', '2012-05-19 15:20:16', '0000-00-00 00:00:00', '0000-00-00 00:00:00', 0);
INSERT INTO `newspic` VALUES (16, 87, 1, '', '', '', '1337422189.jpg', '', 1, 'JPG', '2012-05-19 18:09:49', '0000-00-00 00:00:00', '0000-00-00 00:00:00', 0);
INSERT INTO `newspic` VALUES (17, 88, 1, '', '', '', '1337422260.jpg', '', 1, 'JPG', '2012-05-19 18:11:00', '0000-00-00 00:00:00', '0000-00-00 00:00:00', 0);
INSERT INTO `newspic` VALUES (18, 89, 1, '', '', '', '1337422310.jpg', '', 1, 'JPG', '2012-05-19 18:11:51', '0000-00-00 00:00:00', '0000-00-00 00:00:00', 0);
INSERT INTO `newspic` VALUES (19, 90, 1, '', '', '', '1337422366.jpg', '', 1, 'JPG', '2012-05-19 18:12:46', '0000-00-00 00:00:00', '0000-00-00 00:00:00', 0);
INSERT INTO `newspic` VALUES (20, 91, 1, '', '', '', '1337422432.jpg', '', 1, 'JPG', '2012-05-19 18:13:52', '0000-00-00 00:00:00', '0000-00-00 00:00:00', 0);
INSERT INTO `newspic` VALUES (21, 92, 1, '', '', '', '1337422510.jpg', '', 1, 'JPG', '2012-05-19 18:15:10', '0000-00-00 00:00:00', '0000-00-00 00:00:00', 0);
INSERT INTO `newspic` VALUES (22, 93, 1, '', '', '', '1337422588.jpg', '', 1, 'JPG', '2012-05-19 18:16:28', '0000-00-00 00:00:00', '0000-00-00 00:00:00', 0);
INSERT INTO `newspic` VALUES (23, 94, 1, '', '', '', '1337422642.jpg', '', 1, 'JPG', '2012-05-19 18:17:23', '0000-00-00 00:00:00', '0000-00-00 00:00:00', 0);
INSERT INTO `newspic` VALUES (24, 114, 1, '', '', '', '1337570537.jpg', '', 1, 'JPG', '2012-05-21 11:22:17', '0000-00-00 00:00:00', '0000-00-00 00:00:00', 0);
INSERT INTO `newspic` VALUES (25, 113, 1, '', '', '', '1337570602.jpg', '', 1, 'JPG', '2012-05-21 11:23:22', '0000-00-00 00:00:00', '0000-00-00 00:00:00', 0);
INSERT INTO `newspic` VALUES (26, 112, 1, '', '', '', '1337570646.jpg', '', 1, 'JPG', '2012-05-21 11:24:06', '0000-00-00 00:00:00', '0000-00-00 00:00:00', 0);
INSERT INTO `newspic` VALUES (27, 111, 1, '', '', '', '1337570669.jpg', '', 1, 'JPG', '2012-05-21 11:24:29', '0000-00-00 00:00:00', '0000-00-00 00:00:00', 0);
INSERT INTO `newspic` VALUES (28, 110, 1, '', '', '', '1337570723.jpg', '', 1, 'JPG', '2012-05-21 11:25:23', '0000-00-00 00:00:00', '0000-00-00 00:00:00', 0);
INSERT INTO `newspic` VALUES (29, 109, 1, '', '', '', '1337570800.jpg', '', 1, 'JPG', '2012-05-21 11:26:40', '0000-00-00 00:00:00', '0000-00-00 00:00:00', 0);
INSERT INTO `newspic` VALUES (30, 108, 1, '', '', '', '1337570827.jpg', '', 1, 'JPG', '2012-05-21 11:27:07', '0000-00-00 00:00:00', '0000-00-00 00:00:00', 0);
INSERT INTO `newspic` VALUES (31, 107, 1, '', '', '', '1337570855.jpg', '', 1, 'JPG', '2012-05-21 11:27:35', '0000-00-00 00:00:00', '0000-00-00 00:00:00', 0);
INSERT INTO `newspic` VALUES (32, 106, 1, '', '', '', '1337570879.jpg', '', 1, 'JPG', '2012-05-21 11:27:59', '0000-00-00 00:00:00', '0000-00-00 00:00:00', 0);
INSERT INTO `newspic` VALUES (33, 105, 1, '', '', '', '1337570900.jpg', '', 1, 'JPG', '2012-05-21 11:28:21', '0000-00-00 00:00:00', '0000-00-00 00:00:00', 0);
INSERT INTO `newspic` VALUES (34, 104, 1, '', '', '', '1337570933.jpg', '', 1, 'JPG', '2012-05-21 11:28:53', '0000-00-00 00:00:00', '0000-00-00 00:00:00', 0);
INSERT INTO `newspic` VALUES (35, 101, 1, '', '', '', '1337570969.jpg', '', 1, 'JPG', '2012-05-21 11:29:29', '0000-00-00 00:00:00', '0000-00-00 00:00:00', 0);
INSERT INTO `newspic` VALUES (36, 115, 1, '', '', '', '1337570993.jpg', '', 1, 'JPG', '2012-05-21 11:29:53', '0000-00-00 00:00:00', '0000-00-00 00:00:00', 0);

-- --------------------------------------------------------

-- 
-- 表的结构 `pageset`
-- 

CREATE TABLE `pageset` (
  `id_pageset` int(11) NOT NULL auto_increment,
  `lang` int(1) NOT NULL default '1',
  `title` varchar(250) NOT NULL,
  `url` text NOT NULL,
  `pagetitle` text NOT NULL,
  `keywords` text NOT NULL,
  `description` text NOT NULL,
  `content` text NOT NULL,
  PRIMARY KEY  (`id_pageset`)
) ENGINE=MyISAM  DEFAULT CHARSET=utf8 AUTO_INCREMENT=17 ;

-- 
-- 导出表中的数据 `pageset`
-- 

INSERT INTO `pageset` VALUES (1, 1, '关于我们', '', '', '', '　　宁夏恒力钢丝绳股份有限公司（以下简称恒力股份公司）始创于1965年，1997年实施现企改制，1998年5月29日实现股票上市。公司上市7年以来，通过收购、兼并、控股、参股等方式，推进资产重组，使企业不断发展壮大。公司以上市公司恒力股份公司为核心，由宁夏冶金建设公司、宁夏华辉活性炭有限责任公司、宁夏恒力煤业公司、山东恒力虎山机械有限公司、星威福利有限责任公司、上海中绳实业有限公司、宁夏中铁恒力金属制品有限公司等8个全资、控股、参股企业组成。经营范围涵盖了线材制品、建筑、房地产、煤加工，机械制造、物资流通等行业产业领域。形成了一个以产权为纽带、以母子公司运行机制为特征，具有多个法人企业，以跨地区、跨行业、多元化经营为模式的大型企业集团。', '<span style="font-size: 14px;">　　宁夏恒力钢丝绳股份有限公司（以下简称恒力股份公司）始创于1965年，1997年实施现企改制，1998年5月29日实现股票上市。公司上市7年以来，通过收购、兼并、控股、参股等方式，推进资产重组，使企业不断发展壮大。公司以上市公司恒力股份公司为核心，由宁夏冶金建设公司、宁夏华辉活性炭有限责任公司、宁夏恒力煤业公司、山东恒力虎山机械有限公司、星威福利有限责任公司、上海中绳实业有限公司、宁夏中铁恒力金属制品有限公司等8个全资、控股、参股企业组成。经营范围涵盖了线材制品、建筑、房地产、煤加工，机械制造、物资流通等行业产业领域。形成了一个以产权为纽带、以母子公司运行机制为特征，具有多个法人企业，以跨地区、跨行业、多元化经营为模式的大型企业集团。</span>');
INSERT INTO `pageset` VALUES (2, 1, '公司荣誉', '', '', '', '', '<p>Tengyan has a massive developers community (more than 2000 members). This ensures a huge range of free, professional and high quality resources.Tengyan has a massive developers community (more than 2000 members). This ensures a huge range of free, professional and high quality resources.</p>\r\n<p>Tengyan has no costly licensing fees or risk of vendor lock-in. It can significantly reduce total project integration costs.Thanks to a huge library of free extensions Tengyan has become the most powerful, robust and extensible Content Management System available today.</p>\r\n<p>Tengyan has no costly licensing fees or risk of vendor lock-in. It can significantly reduce total project integration costs.Thanks to a huge library of free extensions Tengyan has become the most powerful, robust and extensible Content Management System available today.<br />\r\nTengyan has a massive developers community (more than 2000 members). This ensures a huge range of free, professional and high quality resources.</p>\r\n<p>Tengyan has no costly licensing fees or risk of vendor lock-in. It can significantly reduce total project integration costs.Thanks to a huge library of free extensions Tengyan has become the most powerful, robust and extensible Content Management System available today.<br />\r\nTengyan has a massive developers community (more than 2000 members). This ensures a huge range of free, professional and high quality resources.</p>\r\n<p>Tengyan has no costly licensing fees or risk of vendor lock-in. It can significantly reduce total project integration costs.Thanks to a huge library of free extensions Tengyan has become the most powerful, robust and extensible Content Management System available today.</p>\r\nHonors');
INSERT INTO `pageset` VALUES (3, 1, '组织机构', '', '', '', '', '<p><br />\r\n<img width="595" height="579" alt="" src="/upload/other/3369960908.gif" /></p>');
INSERT INTO `pageset` VALUES (4, 1, '总经理致辞', '', '', '', '', '<table border="0" cellspacing="8" cellpadding="5" width="100%">\r\n    <tbody>\r\n        <tr>\r\n            <td valign="top" align="left">\r\n            <h1>总经理致辞</h1>\r\n            </td>\r\n        </tr>\r\n        <tr>\r\n            <td valign="top" width="50%" align="left">\r\n            <h2>公司以发展、责任为公司的核心理念，以倡导环境和谐幸福，打造最具品质的生活为不懈追求的目标。永恒的品质可以无视时间的痕迹，在品质的历程上一线之隔就可以把成功与失败更替。今天的人们，已经非常了解自我的需求，其价值不在于每天的享用，更在于永久的魅力。我们深知，只有品质才是永恒弥久的信念。</h2>\r\n            <h2>面对激烈的市场竟争环境，始终坚持求新求变，不断发展的经营的基本思想，主动实行前瞻性的战略转变。正是凭借着一大批艰苦创业、敬业开拓、团结奋进创造出一个又一个的佳绩，形成了自己独特的文化理念和经营管理方式。专业历程，打造着中高档品牌的典范，见证了中国信息产业的发展历程，见证并推动了中国信息行业的技术成长之路。</h2>\r\n            <h2>今天，全新的创意与永久的品质使其脱颖而出，成为时代的新偶像。品质先，创新先，共赢先。真诚希望与国内外友人依托信息科技产业, 携手共创世界的幸福明天。公司以发展、责任为公司的核心理念，以倡导环境和谐幸福，打造最具品质的生活为不懈追求的目标。永恒的品质可以无视时间的痕迹，在品质的历程上一线之隔就可以把成功与失败更替。</h2>\r\n            </td>\r\n        </tr>\r\n    </tbody>\r\n</table>');
INSERT INTO `pageset` VALUES (5, 1, '企业文化', '', '', '', '', '<table border="0" cellspacing="8" cellpadding="8" width="100%">\r\n    <tbody>\r\n        <tr>\r\n            <td valign="top" align="left"><h1>腾岩企业文化</h1></td>\r\n        </tr>\r\n        <tr>\r\n            <td valign="top" width="50%" align="left"><h2>自信、自律，自立、自强客户：为客户提供高质量和最大价值的专业化产品和服务，以真诚和实力赢得客户的理解、尊重和支持。<br />\r\n            <br />\r\n            员工：信任员工的努力和奉献，承认员工的成就并提供相应回报，为员工创造良好的工作环境和发展前景。<br />\r\n            <br />\r\n            市场：为客户降低采购成本和风险，为客户投资提供切实保障。 <br />\r\n            <br />\r\n            发展：追求永续发展的目标，并把它建立在客户满意的基础上。<br />\r\n            <br />\r\n            企业精神：自信、自律，自立、自强客户：为客户提供高质量和最大价值的专业化产品和服务，以真诚和实力赢得客户的理解、尊重和支持。</h2></td>\r\n        </tr>\r\n    </tbody>\r\n</table>');
INSERT INTO `pageset` VALUES (6, 1, '人才理念', '', '', '', '', '');
INSERT INTO `pageset` VALUES (7, 1, '发展历程', '', '', '', '', '<table border="0" cellpadding="8" cellspacing="8" width="100%">\r\n	<tbody>\r\n		<tr>\r\n			<td align="left" valign="top">\r\n				<h1>\r\n					我们的发展历程</h1>\r\n			</td>\r\n		</tr>\r\n		<tr>\r\n			<td align="left" valign="top" width="50%">\r\n				<h2>\r\n					200<br />\r\n					2006年3月 成为商务中国最高级别代理-伙伴代理<br />\r\n					<br />\r\n					2006年8月 成为新网互联最高级别代理-合作伙伴<br />\r\n					<br />\r\n					2007年4月 与网宿科技股份有限公司展开合作<br />\r\n					<br />\r\n					2008年7月 与深圳市润迅移动通信服务有限公司展开合作<br />\r\n					<br />\r\n					2009年12月 上海腾岩科技信息有限公司成立<br />\r\n					<br />\r\n					2010年9月 经过多年调试和完善，正式推出网站后台管理系统<br />\r\n					<br />\r\n					2011年10月 成功代理网易 (NASDAQ: NTES)专业企业邮局<br />\r\n					<br />\r\n					2011年11月 与慧新信息科技有限公司展开合作<br />\r\n					<br />\r\n					2011年12月 成为香港联亚国际电讯有限公司最高级别代理-合作伙伴</h2>\r\n			</td>\r\n		</tr>\r\n	</tbody>\r\n</table>\r\n<br />\r\n');
INSERT INTO `pageset` VALUES (8, 1, '联系我们', '', '', '', '', '<table width="100%" border="0" cellspacing="0" cellpadding="5">\r\n    <tbody>\r\n        <tr>\r\n            <td>\r\n            <h1>上海腾岩信息科技有限公司</h1>\r\n            </td>\r\n        </tr>\r\n        <tr>\r\n            <td>\r\n            <h2>地址:上海市松江区叶榭双高广场2503室<br />\r\n            电话:021-37691017 传真:021-37691567<br />\r\n            Email: info@ty-sh.com biz@ty-sh.com</h2>\r\n            </td>\r\n        </tr>\r\n    </tbody>\r\n</table>\r\n<iframe width="700" height="300" src="http://ditu.google.cn/maps?f=d&amp;source=s_d&amp;saddr=%E4%B8%8A%E6%B5%B7%E5%B8%82%E6%9D%BE%E6%B1%9F%E5%8F%B6%E6%94%BF%E8%B7%AF451%E5%BC%84+(%E4%B8%8A%E6%B5%B7%E5%8F%8C%E9%AB%98%E5%95%86%E5%8A%A1%E5%B9%BF%E5%9C%BA)&amp;daddr=&amp;geocode=CQ8-uSs0BPD-Fb8p2AEd5is7ByGob0MM0C_KZA&amp;aq=&amp;sll=31.096121,121.519433&amp;sspn=0.435689,0.617294&amp;hl=zh-CN&amp;brcurrent=3,0x35b2885df9d1a2c5:0x6368612615c7a5b,0,0x35b2633be24b87d5:0xde5e102b16be8828%3B5,0,0&amp;mra=pd&amp;ie=UTF8&amp;t=m&amp;z=16&amp;output=embed" frameborder="0" marginwidth="0" marginheight="0" scrolling="no"></iframe><br />\r\n<small><a style="text-align: left; color: rgb(204, 204, 204); float: left;" href="http://ditu.google.cn/maps?f=d&amp;source=embed&amp;saddr=%E4%B8%8A%E6%B5%B7%E5%B8%82%E6%9D%BE%E6%B1%9F%E5%8F%B6%E6%94%BF%E8%B7%AF451%E5%BC%84+(%E4%B8%8A%E6%B5%B7%E5%8F%8C%E9%AB%98%E5%95%86%E5%8A%A1%E5%B9%BF%E5%9C%BA)&amp;daddr=&amp;geocode=CQ8-uSs0BPD-Fb8p2AEd5is7ByGob0MM0C_KZA&amp;aq=&amp;sll=31.096121,121.519433&amp;sspn=0.435689,0.617294&amp;hl=zh-CN&amp;brcurrent=3,0x35b2885df9d1a2c5:0x6368612615c7a5b,0,0x35b2633be24b87d5:0xde5e102b16be8828%3B5,0,0&amp;mra=pd&amp;ie=UTF8&amp;t=m&amp;z=16"><h2>查看大图</h2></a></small>');
INSERT INTO `pageset` VALUES (9, 1, 'About Us', '', '', '', 'Tengyan is a market leader. It’s been awarded a CMS of the year 2007, 2008 and won a Hall of Fame Award in the 2009 being the Best Open Source PHP CMS.\r\nTengyan has a massive developers community (more than 2000 members). This ensures a huge range of free, professional and high quality resources', '<table width="100%" border="0" cellspacing="8" cellpadding="8">\r\n    <tbody>\r\n        <tr>\r\n            <td width="50%" align="left" valign="top">\r\n            <p><font color="#ff530a" size="3"><strike>&nbsp;&nbsp;&nbsp;&nbsp;&nbsp;&nbsp;&nbsp;&nbsp;&nbsp;&nbsp;&nbsp;&nbsp;&nbsp;&nbsp;&nbsp;&nbsp;&nbsp;&nbsp;&nbsp;&nbsp;&nbsp;&nbsp;&nbsp;&nbsp;&nbsp;&nbsp;&nbsp;&nbsp;&nbsp;&nbsp;&nbsp;&nbsp;&nbsp;&nbsp;&nbsp;&nbsp;&nbsp;&nbsp;&nbsp;&nbsp;&nbsp;&nbsp;&nbsp;&nbsp;&nbsp;&nbsp;&nbsp;&nbsp;&nbsp;&nbsp;&nbsp;&nbsp;&nbsp;&nbsp;&nbsp;&nbsp;&nbsp;&nbsp;&nbsp;&nbsp;&nbsp;&nbsp; </strike><br />\r\n            About us&nbsp;</font><br />\r\n            <font color="#5e5d5d" size="3">Leading, free open-source solution</font></p>\r\n            <p>Tengyan&nbsp;is a market leader. It&rsquo;s been awarded a CMS of the year 2007, 2008 and won a Hall of Fame Award in the 2009 being the Best Open Source PHP CMS.<br />\r\n            Tengyan&nbsp;has a massive developers community (more than 2000 members). This ensures a huge range of free, professional and high quality resources</p>\r\n            <br />\r\n            <img width="110" height="100" alt="" src="/upload/other/3370829493.jpg" /><br />\r\n            <p>Tengyan&nbsp;has no costly licensing fees or risk of vendor lock-in. It can significantly reduce total project integration costs.Thanks to a huge library of free extensions&nbsp;Tengyan has become the most powerful, robust and extensible Content Management System available today.</p>\r\n            </td>\r\n        </tr>\r\n    </tbody>\r\n</table>');
INSERT INTO `pageset` VALUES (10, 1, 'Honors', '', '', '', '', '<p>Tengyan has a massive developers community (more than 2000 members). This ensures a huge range of free, professional and high quality resources.Tengyan has a massive developers community (more than 2000 members). This ensures a huge range of free, professional and high quality resources.</p>\r\n<p>Tengyan has no costly licensing fees or risk of vendor lock-in. It can significantly reduce total project integration costs.Thanks to a huge library of free extensions Tengyan has become the most powerful, robust and extensible Content Management System available today.</p>\r\n<p>Tengyan has no costly licensing fees or risk of vendor lock-in. It can significantly reduce total project integration costs.Thanks to a huge library of free extensions Tengyan has become the most powerful, robust and extensible Content Management System available today.<br />\r\nTengyan has a massive developers community (more than 2000 members). This ensures a huge range of free, professional and high quality resources.</p>\r\n<p>Tengyan has no costly licensing fees or risk of vendor lock-in. It can significantly reduce total project integration costs.Thanks to a huge library of free extensions Tengyan has become the most powerful, robust and extensible Content Management System available today.<br />\r\nTengyan has a massive developers community (more than 2000 members). This ensures a huge range of free, professional and high quality resources.</p>\r\n<p>Tengyan has no costly licensing fees or risk of vendor lock-in. It can significantly reduce total project integration costs.Thanks to a huge library of free extensions Tengyan has become the most powerful, robust and extensible Content Management System available today.</p>\r\nHonors');
INSERT INTO `pageset` VALUES (11, 1, 'Organization', '', '', '', '', 'Organization<br />\r\n<br />\r\n<p>Tengyan has a massive developers community (more than 2000 members). This ensures a huge range of free, professional and high quality resources.Tengyan has a massive developers community (more than 2000 members). This ensures a huge range of free, professional and high quality resources.</p>\r\n<p>Tengyan has no costly licensing fees or risk of vendor lock-in. It can significantly reduce total project integration costs.Thanks to a huge library of free extensions Tengyan has become the most powerful, robust and extensible Content Management System available today.</p>\r\n<p>Tengyan has no costly licensing fees or risk of vendor lock-in. It can significantly reduce total project integration costs.Thanks to a huge library of free extensions Tengyan has become the most powerful, robust and extensible Content Management System available today.<br />\r\nTengyan has a massive developers community (more than 2000 members). This ensures a huge range of free, professional and high quality resources.</p>\r\n<p>Tengyan has no costly licensing fees or risk of vendor lock-in. It can significantly reduce total project integration costs.Thanks to a huge library of free extensions Tengyan has become the most powerful, robust and extensible Content Management System available today.<br />\r\nTengyan has a massive developers community (more than 2000 members). This ensures a huge range of free, professional and high quality resources.</p>\r\n<p>Tengyan has no costly licensing fees or risk of vendor lock-in. It can significantly reduce total project integration costs.Thanks to a huge library of free extensions Tengyan has become the most powerful, robust and extensible Content Management System available today.</p>');
INSERT INTO `pageset` VALUES (12, 1, 'CEO''s Message', '', '', '', '', 'CEO&acute;s Message<br />\r\n<br />\r\n<p>Tengyan has a massive developers community (more than 2000 members). This ensures a huge range of free, professional and high quality resources.Tengyan has a massive developers community (more than 2000 members). This ensures a huge range of free, professional and high quality resources.</p>\r\n<p>Tengyan has no costly licensing fees or risk of vendor lock-in. It can significantly reduce total project integration costs.Thanks to a huge library of free extensions Tengyan has become the most powerful, robust and extensible Content Management System available today.</p>\r\n<p>Tengyan has no costly licensing fees or risk of vendor lock-in. It can significantly reduce total project integration costs.Thanks to a huge library of free extensions Tengyan has become the most powerful, robust and extensible Content Management System available today.<br />\r\nTengyan has a massive developers community (more than 2000 members). This ensures a huge range of free, professional and high quality resources.</p>\r\n<p>Tengyan has no costly licensing fees or risk of vendor lock-in. It can significantly reduce total project integration costs.Thanks to a huge library of free extensions Tengyan has become the most powerful, robust and extensible Content Management System available today.<br />\r\nTengyan has a massive developers community (more than 2000 members). This ensures a huge range of free, professional and high quality resources.</p>\r\n<p>Tengyan has no costly licensing fees or risk of vendor lock-in. It can significantly reduce total project integration costs.Thanks to a huge library of free extensions Tengyan has become the most powerful, robust and extensible Content Management System available today.</p>');
INSERT INTO `pageset` VALUES (13, 1, 'Culture', '', '', '', '', '<h2>Tengyan is a market leader. It&rsquo;s been awarded a CMS of the year 2007, 2008 and won a Hall of Fame Award in the 2009 being the Best Open Source PHP CMS.<br />\r\n<br />\r\nTengyan has a massive developers community (more than 2000 members). This ensures a huge range of free, professional and high quality resources.Tengyan has a massive developers community (more than 2000 members). This ensures a huge range of free, professional and high quality resources.<br />\r\n<br />\r\nTengyan has no costly licensing fees or risk of vendor lock-in. It can significantly reduce total project integration costs.Thanks to a huge library of free extensions Tengyan has become the most powerful, robust and extensible Content Management System available today.<br />\r\n<br />\r\nTengyan has no costly licensing fees or risk of vendor lock-in. It can significantly reduce total project integration costs.Thanks to a huge library of free extensions Tengyan has become the most powerful, robust and extensible Content Management System available today.<br />\r\nTengyan has a massive developers community (more than 2000 members). This ensures a huge range of free, professional and high quality resources.<br />\r\n<br />\r\nTengyan has no costly licensing fees or risk of vendor lock-in. It can significantly reduce total project integration costs.Thanks to a huge library of free extensions Tengyan has become the most powerful, robust and extensible Content Management System available today.<br />\r\nTengyan has a massive developers community (more than 2000 members). This ensures a huge range of free, professional and high quality resources.<br />\r\n<br />\r\nTengyan has no costly licensing fees or risk of vendor lock-in. It can significantly reduce total project integration costs.Thanks to a huge library of free extensions Tengyan has become the most powerful, robust and extensible Content Management System available today.<br /></h2>\r\n<br />\r\n<br />\r\n<br />\r\n<br />\r\n<br />');
INSERT INTO `pageset` VALUES (14, 1, 'Human Resources', '', '', '', '', 'Human Resources<br />\r\n<br />\r\n<p>Tengyan has a massive developers community (more than 2000 members). This ensures a huge range of free, professional and high quality resources.Tengyan has a massive developers community (more than 2000 members). This ensures a huge range of free, professional and high quality resources.</p>\r\n<p>Tengyan has no costly licensing fees or risk of vendor lock-in. It can significantly reduce total project integration costs.Thanks to a huge library of free extensions Tengyan has become the most powerful, robust and extensible Content Management System available today.</p>\r\n<p>Tengyan has no costly licensing fees or risk of vendor lock-in. It can significantly reduce total project integration costs.Thanks to a huge library of free extensions Tengyan has become the most powerful, robust and extensible Content Management System available today.<br />\r\nTengyan has a massive developers community (more than 2000 members). This ensures a huge range of free, professional and high quality resources.</p>\r\n<p>Tengyan has no costly licensing fees or risk of vendor lock-in. It can significantly reduce total project integration costs.Thanks to a huge library of free extensions Tengyan has become the most powerful, robust and extensible Content Management System available today.<br />\r\nTengyan has a massive developers community (more than 2000 members). This ensures a huge range of free, professional and high quality resources.</p>\r\n<p>Tengyan has no costly licensing fees or risk of vendor lock-in. It can significantly reduce total project integration costs.Thanks to a huge library of free extensions Tengyan has become the most powerful, robust and extensible Content Management System available today.</p>');
INSERT INTO `pageset` VALUES (15, 1, 'Development', '', '', '', '', 'Development<br />\r\n<br />\r\n<p>Tengyan has a massive developers community (more than 2000 members). This ensures a huge range of free, professional and high quality resources.Tengyan has a massive developers community (more than 2000 members). This ensures a huge range of free, professional and high quality resources.</p>\r\n<p>Tengyan has no costly licensing fees or risk of vendor lock-in. It can significantly reduce total project integration costs.Thanks to a huge library of free extensions Tengyan has become the most powerful, robust and extensible Content Management System available today.</p>\r\n<p>Tengyan has no costly licensing fees or risk of vendor lock-in. It can significantly reduce total project integration costs.Thanks to a huge library of free extensions Tengyan has become the most powerful, robust and extensible Content Management System available today.<br />\r\nTengyan has a massive developers community (more than 2000 members). This ensures a huge range of free, professional and high quality resources.</p>\r\n<p>Tengyan has no costly licensing fees or risk of vendor lock-in. It can significantly reduce total project integration costs.Thanks to a huge library of free extensions Tengyan has become the most powerful, robust and extensible Content Management System available today.<br />\r\nTengyan has a massive developers community (more than 2000 members). This ensures a huge range of free, professional and high quality resources.</p>\r\n<p>Tengyan has no costly licensing fees or risk of vendor lock-in. It can significantly reduce total project integration costs.Thanks to a huge library of free extensions Tengyan has become the most powerful, robust and extensible Content Management System available today.</p>');
INSERT INTO `pageset` VALUES (16, 1, 'Contact us', '', '', '', '', '<table width="100%" border="0" cellspacing="5" cellpadding="5">\r\n    <tbody>\r\n        <tr>\r\n            <td>\r\n            <h1>SHANGHAI TENGYAN TECHNOLOG CO,.LTD</h1>\r\n            </td>\r\n        </tr>\r\n        <tr>\r\n            <td>\r\n            <h2>Addr:Room 2503,Yexie Square,Songjiang District, Shanghai<br />\r\n            Tel:021-37691017 Fax:021-37691567<br />\r\n            Email: info@ty-sh.com biz@ty-sh.com</h2>\r\n            </td>\r\n        </tr>\r\n    </tbody>\r\n</table>\r\n<iframe width="700" height="350" src="http://maps.google.com.hk/maps?f=q&amp;source=s_q&amp;hl=en&amp;geocode=&amp;q=Songjiang,+Yexiezhen,+Shanghai,+China&amp;aq=&amp;sll=22.38131,114.168639&amp;sspn=0.962527,1.234589&amp;brcurrent=3,0x0:0x0,0&amp;ie=UTF8&amp;hq=&amp;hnear=Yexiezhen,+Songjiang,+Shanghai,+China&amp;ll=30.948269,121.327838&amp;spn=0.003487,0.004823&amp;t=m&amp;z=14&amp;output=embed" frameborder="0" marginwidth="0" marginheight="0" scrolling="no"></iframe><br />\r\n<small><a style="text-align: left; color: rgb(0, 0, 255);" href="http://maps.google.com.hk/maps?f=q&amp;source=embed&amp;hl=en&amp;geocode=&amp;q=Songjiang,+Yexiezhen,+Shanghai,+China&amp;aq=&amp;sll=22.38131,114.168639&amp;sspn=0.962527,1.234589&amp;brcurrent=3,0x0:0x0,0&amp;ie=UTF8&amp;hq=&amp;hnear=Yexiezhen,+Songjiang,+Shanghai,+China&amp;ll=30.948269,121.327838&amp;spn=0.003487,0.004823&amp;t=m&amp;z=14"><h2>View Larger Map</h2></a></small>');

-- --------------------------------------------------------

-- 
-- 表的结构 `pagesetpic`
-- 

CREATE TABLE `pagesetpic` (
  `id_pagesetpic` int(11) NOT NULL auto_increment,
  `id_pageset` int(11) NOT NULL,
  `id_hr` int(11) NOT NULL,
  `title` varchar(250) NOT NULL,
  `intro` text NOT NULL,
  `url` varchar(250) NOT NULL,
  `opicname` varchar(250) NOT NULL,
  `spicname` varchar(250) NOT NULL,
  `dele` int(1) NOT NULL default '1',
  `type` varchar(3) NOT NULL,
  `indate` datetime NOT NULL,
  `modate` datetime NOT NULL,
  `deldate` datetime NOT NULL,
  `browsecount` int(11) NOT NULL,
  PRIMARY KEY  (`id_pagesetpic`)
) ENGINE=MyISAM DEFAULT CHARSET=utf8 AUTO_INCREMENT=1 ;

-- 
-- 导出表中的数据 `pagesetpic`
-- 


-- --------------------------------------------------------

-- 
-- 表的结构 `pavy1`
-- 

CREATE TABLE `pavy1` (
  `id_pavy1` int(11) NOT NULL auto_increment,
  `id_hr` int(11) NOT NULL,
  `lang` int(1) NOT NULL default '1',
  `product_visit` int(1) NOT NULL default '0',
  `store_visit` int(1) NOT NULL default '0',
  `news_visit` int(1) NOT NULL default '0',
  `hr_visit` int(1) NOT NULL default '0',
  `pavy_visit` int(1) NOT NULL default '0',
  `data_visit` int(1) NOT NULL default '0',
  `siteset_visit` int(1) NOT NULL default '0',
  `level` int(1) NOT NULL default '0',
  `indate` datetime NOT NULL,
  `modate` datetime NOT NULL,
  `deldate` datetime NOT NULL,
  PRIMARY KEY  (`id_pavy1`)
) ENGINE=MyISAM  DEFAULT CHARSET=utf8 AUTO_INCREMENT=30 ;

-- 
-- 导出表中的数据 `pavy1`
-- 

INSERT INTO `pavy1` VALUES (28, 1, 1, 1, 0, 1, 1, 1, 0, 1, 0, '2011-01-29 18:08:13', '0000-00-00 00:00:00', '0000-00-00 00:00:00');

-- --------------------------------------------------------

-- 
-- 表的结构 `pavy2`
-- 

CREATE TABLE `pavy2` (
  `id_pvay2` int(11) NOT NULL auto_increment,
  `id_hr` int(11) NOT NULL,
  `id_backmenu` int(11) NOT NULL,
  `lang` int(1) NOT NULL default '1',
  `browseprem` int(1) NOT NULL default '0',
  `addprem` int(1) NOT NULL default '0',
  `editprem` int(1) NOT NULL default '0',
  `deleprem` int(1) NOT NULL default '0',
  `display` int(1) NOT NULL default '1',
  `level` int(1) NOT NULL default '0',
  `state` int(1) NOT NULL default '1',
  `indate` datetime NOT NULL,
  `modate` datetime NOT NULL,
  `deldate` datetime NOT NULL,
  PRIMARY KEY  (`id_pvay2`)
) ENGINE=MyISAM  DEFAULT CHARSET=utf8 AUTO_INCREMENT=264 ;

-- 
-- 导出表中的数据 `pavy2`
-- 

INSERT INTO `pavy2` VALUES (246, 1, 46, 1, 1, 1, 1, 1, 1, 0, 1, '2011-01-29 18:08:13', '0000-00-00 00:00:00', '0000-00-00 00:00:00');
INSERT INTO `pavy2` VALUES (245, 1, 41, 1, 1, 1, 1, 1, 1, 0, 1, '2011-01-29 18:08:13', '0000-00-00 00:00:00', '0000-00-00 00:00:00');
INSERT INTO `pavy2` VALUES (244, 1, 39, 1, 1, 1, 1, 1, 1, 0, 1, '2011-01-29 18:08:13', '0000-00-00 00:00:00', '0000-00-00 00:00:00');
INSERT INTO `pavy2` VALUES (243, 1, 22, 1, 0, 0, 0, 0, 1, 0, 1, '2011-01-29 18:08:13', '0000-00-00 00:00:00', '0000-00-00 00:00:00');
INSERT INTO `pavy2` VALUES (242, 1, 21, 1, 1, 1, 1, 1, 1, 0, 1, '2011-01-29 18:08:13', '0000-00-00 00:00:00', '0000-00-00 00:00:00');
INSERT INTO `pavy2` VALUES (241, 1, 20, 1, 1, 1, 1, 1, 1, 0, 1, '2011-01-29 18:08:13', '0000-00-00 00:00:00', '0000-00-00 00:00:00');
INSERT INTO `pavy2` VALUES (240, 1, 19, 1, 1, 1, 1, 1, 1, 0, 1, '2011-01-29 18:08:13', '0000-00-00 00:00:00', '0000-00-00 00:00:00');
INSERT INTO `pavy2` VALUES (239, 1, 18, 1, 0, 0, 0, 0, 1, 0, 1, '2011-01-29 18:08:13', '0000-00-00 00:00:00', '0000-00-00 00:00:00');
INSERT INTO `pavy2` VALUES (238, 1, 17, 1, 1, 1, 1, 1, 1, 0, 1, '2011-01-29 18:08:13', '0000-00-00 00:00:00', '0000-00-00 00:00:00');
INSERT INTO `pavy2` VALUES (237, 1, 16, 1, 1, 1, 1, 1, 1, 0, 1, '2011-01-29 18:08:13', '0000-00-00 00:00:00', '0000-00-00 00:00:00');
INSERT INTO `pavy2` VALUES (236, 1, 15, 1, 1, 1, 1, 1, 1, 0, 1, '2011-01-29 18:08:13', '0000-00-00 00:00:00', '0000-00-00 00:00:00');
INSERT INTO `pavy2` VALUES (235, 1, 47, 1, 1, 1, 1, 1, 1, 0, 1, '2011-01-29 18:08:13', '0000-00-00 00:00:00', '0000-00-00 00:00:00');
INSERT INTO `pavy2` VALUES (234, 1, 8, 1, 1, 1, 1, 1, 1, 0, 1, '2011-01-29 18:08:13', '0000-00-00 00:00:00', '0000-00-00 00:00:00');
INSERT INTO `pavy2` VALUES (233, 1, 9, 1, 1, 1, 1, 1, 1, 0, 1, '2011-01-29 18:08:13', '0000-00-00 00:00:00', '0000-00-00 00:00:00');
INSERT INTO `pavy2` VALUES (263, 1, 49, 1, 0, 0, 0, 0, 1, 0, 1, '2012-02-26 20:27:41', '0000-00-00 00:00:00', '0000-00-00 00:00:00');
INSERT INTO `pavy2` VALUES (247, 1, 48, 1, 1, 1, 1, 1, 1, 0, 1, '2011-03-09 16:42:50', '0000-00-00 00:00:00', '0000-00-00 00:00:00');

-- --------------------------------------------------------

-- 
-- 表的结构 `post`
-- 

CREATE TABLE `post` (
  `id_post` int(11) NOT NULL auto_increment,
  `post` varchar(25) NOT NULL,
  `lang` int(1) NOT NULL default '1',
  PRIMARY KEY  (`id_post`)
) ENGINE=MyISAM  DEFAULT CHARSET=utf8 AUTO_INCREMENT=10 ;

-- 
-- 导出表中的数据 `post`
-- 

INSERT INTO `post` VALUES (1, '普通员工', 1);
INSERT INTO `post` VALUES (2, '物料收发员', 1);
INSERT INTO `post` VALUES (3, 'IQC', 1);
INSERT INTO `post` VALUES (4, '仓库主管', 1);
INSERT INTO `post` VALUES (5, '采购主管', 1);
INSERT INTO `post` VALUES (6, '销售主管', 1);
INSERT INTO `post` VALUES (7, '副总经理', 1);
INSERT INTO `post` VALUES (8, '总经理', 1);
INSERT INTO `post` VALUES (9, '网站管理员', 1);

-- --------------------------------------------------------

-- 
-- 表的结构 `productdir`
-- 

CREATE TABLE `productdir` (
  `id_proddir` int(11) NOT NULL auto_increment,
  `lang` int(1) NOT NULL,
  `name` varchar(50) NOT NULL default '1',
  `intro` text NOT NULL,
  `dele` int(1) NOT NULL default '1',
  `dirurl` varchar(50) NOT NULL,
  `fatherid` int(11) NOT NULL,
  `level` int(1) NOT NULL,
  `ordernum` int(11) NOT NULL,
  PRIMARY KEY  (`id_proddir`)
) ENGINE=MyISAM  DEFAULT CHARSET=utf8 AUTO_INCREMENT=35 ;

-- 
-- 导出表中的数据 `productdir`
-- 

INSERT INTO `productdir` VALUES (1, 0, 'Auto electronic3232', 'Tengyan, we''ve added many that we believe are essential to build modern, usable and functional websites.Create/Delete/Change content with ease. Manage page structure.Tengyan admin interface is no more problematic. Easy to navigate and straightforward admin dashboard.\n', 1, '', 0, 1, 0);
INSERT INTO `productdir` VALUES (2, 0, 'Project electronics', ' and straightforward admin dashboard. Tengyan, we''ve added many that we believe are essential to build modern, usable and functional websites.Create/Delete/Change content with ease. Manage page structure.Tengyan admin interface is no more problematic. Easy to navigate', 1, '', 0, 1, 2);
INSERT INTO `productdir` VALUES (3, 0, 'Household electrical', ' that we believe are essential to build modern, usable and functional websites.Create/Delete/Change content with ease. Manage page structure.Tengyan admin interface is no more problematic. Easy to navigate and straightforward admin dashboard. Tengyan, we''ve added many', 1, '', 0, 1, 3);
INSERT INTO `productdir` VALUES (4, 0, 'Art lighting', 'straightforward admin dashboard. Tengyan, we''ve added many that we believe are essential to build modern, usable and functional websites.Create/Delete/Change content with ease. Manage page structure.Tengyan admin interface is no more problematic. Easy to navigate and ', 1, '', 0, 1, 4);
INSERT INTO `productdir` VALUES (5, 0, 'Air controller', ' Easy to navigate and straightforward admin dashboard. Tengyan, we&acute;ve added many that we believe are essential to build modern, usable and functional websites.Create/Delete/Change content with ease. Manage page structure.Tengyan admin interface is no more problematic.', 1, '', 22, 2, 5);
INSERT INTO `productdir` VALUES (6, 0, 'Auto module', ' that we believe are essential to build modern, usable and functional websites.Create/Delete/Change content with ease. Manage page structure.Tengyan admin interface is no more problematic. Easy to navigate and straightforward admin dashboard. Tengyan, we''ve added many', 1, '', 3, 2, 6);
INSERT INTO `productdir` VALUES (7, 0, 'Auto motor', 'to navigate and straightforward admin dashboard. Tengyan, we''ve added many that we believe are essential to build modern, usable and functional websites.Create/Delete/Change content with ease. Manage page structure.Tengyan admin interface is no more problematic.', 1, '', 1, 2, 7);
INSERT INTO `productdir` VALUES (8, 0, 'Brushless controllers', 'dashboard. Tengyan, we''ve added many that we believe are essential to build modern, usable and functional websites.Create/Delete/Change content with ease. Manage page structure.Tengyan admin interface is no more problematic. Easy to navigate and straightforward admin ', 1, '', 3, 2, 8);
INSERT INTO `productdir` VALUES (9, 0, 'Driver module', 'straightforward admin dashboard. Tengyan, we''ve added many that we believe are essential to build modern, usable and functional websites.Create/Delete/Change content with ease. Manage page structure.Tengyan admin interface is no more problematic. Easy to navigate and ', 1, '', 1, 2, 9);
INSERT INTO `productdir` VALUES (10, 0, 'Sensor', 'admin dashboard. Tengyan, we''ve added many that we believe are essential to build modern, usable and functional websites.Create/Delete/Change content with ease. Manage page structure.Tengyan admin interface is no more problematic. Easy to navigate and ', 1, '', 1, 2, 10);
INSERT INTO `productdir` VALUES (11, 0, 'IVIS', ' we''ve added many that we believe are essential to build modern, usable and functional websites.Create/Delete/Change content with ease. Manage page structure.Tengyan admin interface is no more problematic. Easy to navigate and ', 1, '', 1, 2, 11);
INSERT INTO `productdir` VALUES (12, 0, 'HVAC', '/Delete/Change  Easy to navigate and straightforward admin dashboard. Tengyan, we''ve added many that we believe are essential to build modern, usable and functional websites.Createcontent with ease. Manage page structure.Tengyan admin interface is no more problematic.', 1, '', 2, 2, 12);
INSERT INTO `productdir` VALUES (13, 0, 'Quality control', 'that we believe are essential to build modern, usable and functional websites.Cr Easy to navigate and straightforward admin dashboard. Tengyan, we''ve added many eate/Delete/Change content with ease. Manage page structure.Tengyan admin interface is no more problematic.', 1, '', 2, 2, 13);
INSERT INTO `productdir` VALUES (14, 0, 'Humidity measure', ' usable and functional websites.Create/Delete/Change content with ease. Manage page structure.Tengyan admin interface is no more problematic. Easy to navigate and straightforward admin dashboard. Tengyan, we''ve added many that we believe are essential to build modern,', 1, '', 2, 2, 14);
INSERT INTO `productdir` VALUES (15, 0, 'DC electric machine', 'usable and functional websites.Create/Delete/Change content with ease. Manage page structure.Tengyan admin interface is no more problematic. Easy to navigate and straightforward admin dashboard. Tengyan, we''ve added many that we believe are essential to build modern, ', 1, '', 2, 2, 15);
INSERT INTO `productdir` VALUES (16, 0, 'Non-contact thermometer', 'admin dashboard. Tengyan, we''ve added many that we believe are essential to build modern, usable and functional websites.Create/Delete/Change content with ease. Manage page structure.Tengyan admin interface is no more problematic. Easy to navigate and straightforward ', 1, '', 3, 2, 16);
INSERT INTO `productdir` VALUES (17, 0, 'Floodlight', 'many that we believe are essential to build modern, usable and functional websites.Create/Delete/Change content with ease. Manage page structure.Tengyan admin interface is no more problematic. Easy to navigate and straightforward admin dashboard. Tengyan, we''ve added ', 1, '', 4, 2, 17);
INSERT INTO `productdir` VALUES (18, 0, 'Art lighting outsite', 'added many that we believe are essential to build modern, usable and functional websites.Create/Delete/Change content with ease. Manage page structure.Tengyan admin interface is no more problematic. Easy to navigate and straightforward admin dashboard. Tengyan, we''ve ', 1, '', 4, 2, 18);
INSERT INTO `productdir` VALUES (19, 0, 'Art lighting inside', 'to build modern, usable and functional websites.Create/Delete/Change content with ease. Manage page structure.Tengyan admin interface is no more problematic. Easy to navigate and straightforward admin dashboard. Tengyan, we''ve added many that we believe are essential ', 1, '', 4, 2, 19);
INSERT INTO `productdir` VALUES (20, 1, '机械设备系列', '网站采用的技术是PHP语言+MYSQL数据库，可在WINDOWS，LINUX，UNIX，CENTOS多种服务器上跨平台运行。\n', 1, '', 0, 1, 11);
INSERT INTO `productdir` VALUES (21, 1, '工程机械设备', '腾岩科技为您量身定做各类网站，会根据您的需求和您公司的特色，为您订制特色网站。\n \n', 1, '', 20, 2, 0);
INSERT INTO `productdir` VALUES (22, 1, '电子设备系列', '腾岩科技为您量身定做各类网站，会根据您的需求和您公司的特色，为您订制特色网站。\n\n', 1, '', 0, 1, 9);
INSERT INTO `productdir` VALUES (23, 1, '自动化设备', '网站整体结构策划及企业形象设计；\n→基础服务: 个性化主页及频道栏目设计（包含公司简介、产品介绍、用户反馈、联系我们）；\n', 1, '', 0, 1, 23);
INSERT INTO `productdir` VALUES (24, 1, '电子成型设备', '→ 网站功能：新闻管理系统、产品管理系统、后台用户管理、招聘管理系统、权限系统、数据库备份、广告管理、版面管理、支持SEO优化、', 1, '', 0, 1, 24);
INSERT INTO `productdir` VALUES (27, 1, '电子灯光设备', '每个新闻和每个产品页面可自定义SEO搜索标签、前台邮件反馈系统、支持第三方统计代码、网站防拷贝、支持GOOGLE地图。\n', 1, '', 24, 2, 0);
INSERT INTO `productdir` VALUES (28, 1, '电子芯片系列', '网站采用的技术是PHP语言+MYSQL数据库，可在WINDOWS，LINUX，UNIX，CENTOS多种服务器上跨平台运行。\n', 1, '', 22, 2, 34);
INSERT INTO `productdir` VALUES (29, 1, '家电项目系列', '→ 精美页面10页，超出部分按100元/页收费（产品介绍页面的产品条目不得超过50）；\n', 1, '', 23, 2, 0);
INSERT INTO `productdir` VALUES (30, 1, '电子工程系列', '网站采用的技术是PHP语言+MYSQL数据库，可在WINDOWS，LINUX，UNIX，CENTOS多种服务器上跨平台运行。网站采用的技术是PHP语言+MYSQL数据库，可在WINDOWS，LINUX，UNIX，CENTOS多种服务器上跨平台运行。\n', 1, '', 22, 2, 30);
INSERT INTO `productdir` VALUES (31, 1, '自动化专机', '', 1, '', 24, 2, 31);
INSERT INTO `productdir` VALUES (32, 1, '振动盘控制器', '', 1, '', 22, 2, 32);
INSERT INTO `productdir` VALUES (33, 1, '电气火灾监控', '', 1, '', 20, 2, 33);
INSERT INTO `productdir` VALUES (34, 1, '自主创新产品', '', 1, '', 23, 2, 34);

-- --------------------------------------------------------

-- 
-- 表的结构 `productinfo`
-- 

CREATE TABLE `productinfo` (
  `id_prodinfo` int(11) NOT NULL auto_increment,
  `id_proddir` int(11) NOT NULL,
  `id_hr` int(11) NOT NULL,
  `lang` int(1) NOT NULL default '1',
  `title` varchar(250) NOT NULL,
  `intro` text NOT NULL,
  `content` longtext NOT NULL,
  `tag` text NOT NULL,
  `dele` int(1) NOT NULL default '1',
  `isnew` int(1) NOT NULL default '1',
  `indate` datetime NOT NULL,
  `modate` datetime NOT NULL,
  `deldate` datetime NOT NULL,
  `browsecount` int(11) NOT NULL,
  `ordernum` int(11) NOT NULL,
  PRIMARY KEY  (`id_prodinfo`)
) ENGINE=MyISAM  DEFAULT CHARSET=utf8 AUTO_INCREMENT=62 ;

-- 
-- 导出表中的数据 `productinfo`
-- 

INSERT INTO `productinfo` VALUES (15, 28, 0, 1, '中文产品测试18', 'costly licensing fees or risk of vendor lock-in. It can significantly reduce total project integration costs.Thanks to a huge library of free extensions Tengyan has become the most powerful, robust and extensible Content Management System available today.\r\nTengyan has a massive developers community (more than 2000 members). This ensures a huge range of free, professional and high quality resources.', '<p>Tengyan has a massive developers community (more than 2000 members). This ensures a huge range of free, professional and high quality resources.Tengyan has a massive developers community (more than 2000 members). This ensures a huge range of free, professional and high quality resources.</p>\r\n<p>Tengyan has no costly licensing fees or risk of vendor lock-in. It can significantly reduce total project integration costs.Thanks to a huge library of free extensions Tengyan has become the most powerful, robust and extensible Content Management System available today.</p>\r\n<p>Tengyan has no costly licensing fees or risk of vendor lock-in. It can significantly reduce total project integration costs.Thanks to a huge library of free extensions Tengyan has become the most powerful, robust and extensible Content Management System available today.<br />\r\nTengyan has a massive developers community (more than 2000 members). This ensures a huge range of free, professional and high quality resources.<br />\r\n<br />\r\n<img alt="" width="300" height="300" src="/upload/other/3370760292.jpg" /></p>', '', 1, 1, '2011-01-19 18:55:05', '2012-05-21 10:07:09', '0000-00-00 00:00:00', 0, 15);
INSERT INTO `productinfo` VALUES (16, 28, 0, 1, '中文产品测试16', 'Tengyan has no costly licensing fees or risk of vendor lock-in. It can significantly reduce total project integration costs.Thanks to a huge library of free extensions Tengyan has become the most powerful, robust and extensible Content Management System available today.\r\n\r\n', 'Tengyan has no costly licensing fees or risk of vendor lock-in. It can significantly reduce total project integration costs.Thanks to a huge library of free extensions Tengyan has become the most powerful, robust and extensible Content Management System available today.<br />\r\n<br />\r\n<img alt="" width="300" height="208" src="/upload/other/3370760674.jpg" /><br />', '', 1, 1, '2011-01-19 19:12:53', '2012-05-21 10:06:51', '0000-00-00 00:00:00', 0, 16);
INSERT INTO `productinfo` VALUES (17, 27, 0, 1, '中文产品测试14', 'Tengyan has no costly licensing fees or risk of vendor lock-in. It can significantly reduce total project integration costs.Thanks to a huge library of free extensions Tengyan has become the most powerful, robust and extensible Content Management System available today.\r\n', 'Tengyan has no costly licensing fees or risk of vendor lock-in. It can significantly reduce total project integration costs.Thanks to a huge library of free extensions Tengyan has become the most powerful, robust and extensible Content Management System available today.<br />\r\n<br />\r\n<img alt="" width="300" height="300" src="/upload/other/3370759927.jpg" /><br />', '', 1, 1, '2011-01-19 19:17:55', '2012-05-21 10:06:26', '0000-00-00 00:00:00', 0, 17);
INSERT INTO `productinfo` VALUES (18, 34, 0, 1, '中文产品测试12', 'Tengyan has no costly licensing fees or risk of vendor lock-in. It can significantly reduce total project integration costs.Thanks to a huge library of free extensions Tengyan has become the most powerful, robust and extensible Content Management System available today.\r\nTengyan has a massive developers community (more than 2000 members). This ensures a huge range of free, professional and high quality resources.\r\n', 'Tengyan has no costly licensing fees or risk of vendor lock-in. It can significantly reduce total project integration costs.Thanks to a huge library of free extensions Tengyan has become the most powerful, robust and extensible Content Management System available today.<br />\r\nTengyan has a massive developers community (more than 2000 members). This ensures a huge range of free, professional and high quality resources.<br />\r\n<br />\r\n<img alt="" width="300" height="300" src="/upload/other/3370759477.jpg" /><br />', '', 1, 1, '2011-01-19 19:22:07', '2012-05-21 10:06:06', '0000-00-00 00:00:00', 0, 18);
INSERT INTO `productinfo` VALUES (19, 28, 0, 1, '中文产品测试10', 'Tengyan has no costly licensing fees or risk of vendor lock-in. It can significantly reduce total project integration costs.Thanks to a huge library of free extensions Tengyan has become the most powerful, robust and extensible Content Management System available today.\r\nTengyan has a massive developers community (more than 2000 members). This ensures a huge range of free, professional and high quality resources.\r\n\r\n', 'Tengyan has no costly licensing fees or risk of vendor lock-in. It can significantly reduce total project integration costs.Thanks to a huge library of free extensions Tengyan has become the most powerful, robust and extensible Content Management System available today.<br />\r\nTengyan has a massive developers community (more than 2000 members). This ensures a huge range of free, professional and high quality resources.<br />\r\n<br />\r\n<img alt="" width="300" height="220" src="/upload/other/3370759057.jpg" /><br />', '', 1, 1, '2011-01-21 14:20:11', '2012-05-21 10:05:47', '0000-00-00 00:00:00', 0, 19);
INSERT INTO `productinfo` VALUES (20, 29, 0, 1, '中文产品测试8', 'Tengyan has no costly licensing fees or risk of vendor lock-in. It can significantly reduce total project integration costs.Thanks to a huge library of free extensions Tengyan has become the most powerful, robust and extensible Content Management System available today.', 'Tengyan has no costly licensing fees or risk of vendor lock-in. It can significantly reduce total project integration costs.Thanks to a huge library of free extensions Tengyan has become the most powerful, robust and extensible Content Management System available today.<br />\r\n<br />\r\nTengyan has no costly licensing fees or risk of vendor lock-in. It can significantly reduce total project integration costs.Thanks to a huge library of free extensions Tengyan has become the most powerful, robust and extensible Content Management System available today.<br />\r\n<br />\r\n<img alt="" width="300" height="208" src="/upload/other/3370758706.jpg" /><br />\r\n<br />', '', 1, 1, '2011-01-21 14:23:04', '2012-05-21 10:05:23', '0000-00-00 00:00:00', 0, 20);
INSERT INTO `productinfo` VALUES (21, 28, 0, 1, '中文产品测试6', 'Tengyan has a massive developers community (more than 2000 members). This ensures a huge range of free, professional and high quality resources.Tengyan has a massive developers community (more than 2000 members). This ensures a huge range of free, professional and high quality resources.\r\n\r\n', 'Tengyan has a massive developers community (more than 2000 members). This ensures a huge range of free, professional and high quality resources.Tengyan has a massive developers community (more than 2000 members). This ensures a huge range of free, professional and high quality resources.<br />\r\n<br />\r\n<img alt="" width="300" height="300" src="/upload/other/3370758358.jpg" />', '', 1, 1, '2011-01-21 14:30:37', '2012-05-21 10:04:23', '0000-00-00 00:00:00', 0, 21);
INSERT INTO `productinfo` VALUES (22, 28, 0, 1, '中文产品测试4', 'Set up user roles and permissions. Assign Manager, Employee or Admin role with ease. Decide what content is available to whom.Support for multiple-language websites. Enjoy clean, user and search engine friendly URLs. Other SEO friendly features are inside too: Titles, Internal Link Structure, Meta Tags.There are absolutely no restriction on how your site looks like. Create very unique, custom theme.\r\n', '中文产品测试Set up user roles and permissions. Assign Manager, Employee or Admin role with ease. Decide what content is available to whom.Support for multiple-language websites. Enjoy clean, user and search engine friendly URLs. Other SEO friendly features are inside too: Titles, Internal Link Structure, Meta Tags.There are absolutely no restriction on how your site looks like. Create very unique, custom theme.<br />\r\n<br />\r\n<img alt="" width="300" height="300" src="/upload/other/3370758007.jpg" /><br />', '', 1, 1, '2011-01-21 14:34:06', '2012-05-21 10:04:00', '0000-00-00 00:00:00', 0, 22);
INSERT INTO `productinfo` VALUES (27, 21, 0, 1, '腾岩科技为您量身定做各类网站', '腾岩科技为您量身定做各类网站，会根据您的需求和您公司的特色，为您订制特色网站。\r\n\r\n网站采用的技术是PHP语言+MYSQL数据库，可在WINDOWS，LINUX，UNIX，CENTOS多种服务器上跨平台运行。\r\n', '腾岩科技为您量身定做各类网站，会根据您的需求和您公司的特色，为您订制特色网站。<br />\r\n<br />\r\n网站采用的技术是PHP语言+MYSQL数据库，可在WINDOWS，LINUX，UNIX，CENTOS多种服务器上跨平台运行。<br />\r\n<br />\r\n网站整体结构策划及企业形象设计；<br />\r\n&rarr;基础服务: 个性化主页及频道栏目设计（包含公司简介、产品介绍、用户反馈、联系我们）；<br />\r\n&rarr; 精美页面10页，超出部分按100元/页收费（产品介绍页面的产品条目不得超过50）；<br />\r\n&rarr; 网站功能：新闻管理系统、产品管理系统、后台用户管理、招聘管理系统、权限系统、数据库备份、广告管理、版面管理、支持SEO优化、每个新闻和每个产品页面可自定义SEO搜索标签、前台邮件反馈系统、支持第三方统计代码、网站防拷贝、支持GOOGLE地图。<br />\r\n<img width="300" height="208" alt="" src="/upload/other/3370756356.jpg" /><br />\r\n<br />\r\n<br />\r\n详细功能可参考我们的DEMO演示站点:<br />\r\n<a class="link_navi" href="http://demo-1.vicp.net:8080/">http://demo-1.vicp.net:8080/</a><br />\r\n<a class="link_navi" href="http://demo-2.vicp.net:8080/">http://demo-2.vicp.net:8080/</a>', '', 1, 1, '2012-02-28 14:14:26', '2012-05-15 17:53:51', '0000-00-00 00:00:00', 0, 27);
INSERT INTO `productinfo` VALUES (24, 30, 0, 1, '中文产品测试3', 'Tengyan has no costly licensing fees or risk of vendor lock-in. It can significantly reduce total project integration costs.Thanks to a huge library of free extensions Tengyan has become the most powerful, robust and extensible Content Management System available today.\r\n', '中文产品测试Tengyan has no costly licensing fees or risk of vendor lock-in. It can significantly reduce total project integration costs.Thanks to a huge library of free extensions Tengyan has become the most powerful, robust and extensible Content Management System available today.<br />\r\n<br />\r\n<br />\r\n<img alt="" width="300" height="300" src="/upload/other/3370757421.jpg" />', '', 1, 1, '2011-01-21 14:42:10', '2012-05-21 10:03:45', '0000-00-00 00:00:00', 0, 24);
INSERT INTO `productinfo` VALUES (25, 32, 0, 1, '中文产品测试2', 'Tengyan is a market leader. It’s been awarded a CMS of the year 2007, 2008 and won a Hall of Fame Award in the 2009 being the Best Open Source PHP CMS.\r\nTengyan has a massive developers community (more than 2000 members). This ensures a huge range of free, professional and high quality resources', '中文产品测试2Tengyan is a market leader. It&rsquo;s been awarded a CMS of the year 2007, 2008 and won a Hall of Fame Award in the 2009 being the Best Open Source PHP CMS. Tengyan has a massive developers community (more than 2000 members). This ensures a huge range of free, professional and high quality resources<br />\r\n<br />\r\n<img alt="" width="300" height="220" src="/upload/other/3370757328.jpg" />', '', 1, 1, '2011-01-21 14:45:46', '2012-05-21 10:00:54', '0000-00-00 00:00:00', 0, 25);
INSERT INTO `productinfo` VALUES (26, 29, 0, 1, '中文产品测试1', 'With Tengyan, we''ve added many that we believe are essential to build modern, usable and functional websites.Create/Delete/Change content with ease. Manage page structure.Tengyan admin interface is no more problematic. Easy to navigate and straightforward admin dashboard.', '<p>中文产品测试1With Tengyan, we''ve added many that we believe are essential to build modern, usable and functional websites.Create/Delete/Change content with ease. Manage page structure.Tengyan admin interface is no more problematic. Easy to navigate and straightforward admin dashboard.</p>\r\n<p>Set up user roles and permissions. Assign Manager, Employee or Admin role with ease. Decide what content is available to whom.Support for multiple-language websites. Enjoy clean, user and search engine friendly URLs. Other SEO friendly features are inside too: Titles, Internal Link Structure, Meta Tags.There are absolutely no restriction on how your site looks like. Create very unique, custom theme.<br />\r\n<br />\r\n<img alt="" width="550" height="363" src="/upload/other/3370757105.jpg" /></p>', '', 1, 1, '2011-01-21 14:48:05', '2012-05-21 10:00:33', '0000-00-00 00:00:00', 0, 26);
INSERT INTO `productinfo` VALUES (28, 28, 0, 1, '电子商务是企业上网欲实现的目标', '电子商务是企业上网欲实现的目标。B2C就是商家与顾客之间的商务活动，他也将成为电子商务的一种主要的商务形式，"B2C网上购物网站"是实现这种商务活动的电子平台。商家可以根据自己的实际情况，根据自己发展电子商务的目标；选择所需的功能系统，组成自己的电子商务网站。 \r\n', '电子商务是企业上网欲实现的目标。B2C就是商家与顾客之间的商务活动，他也将成为电子商务的一种主要的商务形式，&quot;B2C网上购物网站&quot;是实现这种商务活动的电子平台。商家可以根据自己的实际情况，根据自己发展电子商务的目标；选择所需的功能系统，组成自己的电子商务网站。&nbsp;<br />\r\n<br />\r\n标准版 基础服务： &rarr; 个性化主页及频道栏目设计（包含公司简介、公司动态、产品介绍、用户反馈、联系我们）；后台管理系统，包括人员、权限管理； &rarr; 新闻管理系统，包括新闻的发布、修改、删除、查询。 &rarr; 产品管理系统，包括产品信息的发布、修改、删除； &rarr; 会员注册及管理系统，包括会员注册、基本资料管理及为会员单独提供有价信息； &rarr; 网上商城系统，包括购物车、订单、及订单反馈（包括支付系统）。&nbsp;<br />\r\n<br />\r\n&rarr; 顶级域名一个：国际域名www.yourname.com或国内域名ww.yourname.com.cn ；维护与改版： 第二年起收取网站空间及维护费1500元（包含域名费）； 企业版 基础服务： &rarr; 个性化主页及频道栏目设计（新闻管理系统、产品管理系统、后台用户管理、招聘管理系统、权限系统、数据库备份、广告管理、版面管理、支持SEO优化、每个新闻和每个产品页面可自定义SEO搜索标签、前台邮件反馈系统、支持第三方统计代码、网站防拷贝、支持GOOGLE地图）； &rarr; 精美页面20页，首页包含FLASH动态精美效果。超出部分按100元/页收费；后台管理系统，包括人员、权限管理；&nbsp;<br />\r\n<br />\r\n&rarr; 新闻图库管理系统，包括新闻的发布、修改、删除、查询。 &rarr; 产品管理系统，包括产品信息的发布、修改、删除； &rarr; 会员注册及管理系统，包括会员注册、基本资料管理及为会员单独提供有价信息； &rarr; 网上商城系统，包括购物车、订单、及订单反馈（包括支付系统）。 &rarr; 顶级域名一个：国际域名www.yourname.com或国内域www.yourname.com.cn ；维护与改版： 第二年起收取网站空间及维护费6000元（包含域名费）；', '', 0, 1, '2012-02-28 14:17:08', '2012-02-28 14:17:31', '2012-03-10 14:57:04', 0, 28);
INSERT INTO `productinfo` VALUES (29, 21, 0, 1, '中文产品测试19', 'costly licensing fees or risk of vendor lock-in. It can significantly reduce total project integration costs.Thanks to a huge library of free extensions Tengyan has become the most powerful, robust and extensible Content Management System available today.\r\nTengyan has a massive developers community (more than 2000 members). This ensures a huge range of free, professional and high quality resources.', '<p>Tengyan has a massive developers community (more than 2000 members). This ensures a huge range of free, professional and high quality resources.Tengyan has a massive developers community (more than 2000 members). This ensures a huge range of free, professional and high quality resources.</p>\r\n<p>Tengyan has no costly licensing fees or risk of vendor lock-in. It can significantly reduce total project integration costs.Thanks to a huge library of free extensions Tengyan has become the most powerful, robust and extensible Content Management System available today.</p>\r\n<p>Tengyan has no costly licensing fees or risk of vendor lock-in. It can significantly reduce total project integration costs.Thanks to a huge library of free extensions Tengyan has become the most powerful, robust and extensible Content Management System available today.<br />\r\nTengyan has a massive developers community (more than 2000 members). This ensures a huge range of free, professional and high quality resources.<br />\r\n<br />\r\n<img alt="" width="300" height="300" src="/upload/other/3370760103.jpg" /></p>', '', 1, 1, '2011-01-19 18:55:05', '2012-05-21 10:07:18', '0000-00-00 00:00:00', 0, 29);
INSERT INTO `productinfo` VALUES (30, 21, 0, 1, '中文产品测试17', 'Tengyan has no costly licensing fees or risk of vendor lock-in. It can significantly reduce total project integration costs.Thanks to a huge library of free extensions Tengyan has become the most powerful, robust and extensible Content Management System available today.\r\n\r\n', 'Tengyan has no costly licensing fees or risk of vendor lock-in. It can significantly reduce total project integration costs.Thanks to a huge library of free extensions Tengyan has become the most powerful, robust and extensible Content Management System available today.<br />\r\n<br />\r\n<img alt="" width="300" height="300" src="/upload/other/3370760451.jpg" /><br />', '', 1, 1, '2011-01-19 19:12:53', '2012-05-21 10:07:00', '0000-00-00 00:00:00', 0, 30);
INSERT INTO `productinfo` VALUES (31, 28, 0, 1, '中文产品测试15', 'Tengyan has no costly licensing fees or risk of vendor lock-in. It can significantly reduce total project integration costs.Thanks to a huge library of free extensions Tengyan has become the most powerful, robust and extensible Content Management System available today.\r\n', 'Tengyan has no costly licensing fees or risk of vendor lock-in. It can significantly reduce total project integration costs.Thanks to a huge library of free extensions Tengyan has become the most powerful, robust and extensible Content Management System available today.<br />\r\n<br />\r\n<img alt="" width="300" height="220" src="/upload/other/3370760856.jpg" /><br />', '', 1, 1, '2011-01-19 19:17:55', '2012-05-21 10:06:35', '0000-00-00 00:00:00', 0, 31);
INSERT INTO `productinfo` VALUES (32, 21, 0, 1, '中文产品测试13', 'Tengyan has no costly licensing fees or risk of vendor lock-in. It can significantly reduce total project integration costs.Thanks to a huge library of free extensions Tengyan has become the most powerful, robust and extensible Content Management System available today.\r\nTengyan has a massive developers community (more than 2000 members). This ensures a huge range of free, professional and high quality resources.\r\n', 'Tengyan has no costly licensing fees or risk of vendor lock-in. It can significantly reduce total project integration costs.Thanks to a huge library of free extensions Tengyan has become the most powerful, robust and extensible Content Management System available today.<br />\r\nTengyan has a massive developers community (more than 2000 members). This ensures a huge range of free, professional and high quality resources.<br />\r\n<br />\r\n<img alt="" width="300" height="300" src="/upload/other/3370759721.jpg" />', '', 1, 1, '2011-01-19 19:22:07', '2012-05-21 10:06:16', '0000-00-00 00:00:00', 0, 32);
INSERT INTO `productinfo` VALUES (33, 29, 0, 1, '中文产品测试11', 'Tengyan has no costly licensing fees or risk of vendor lock-in. It can significantly reduce total project integration costs.Thanks to a huge library of free extensions Tengyan has become the most powerful, robust and extensible Content Management System available today.\r\nTengyan has a massive developers community (more than 2000 members). This ensures a huge range of free, professional and high quality resources.\r\n\r\n', 'Tengyan has no costly licensing fees or risk of vendor lock-in. It can significantly reduce total project integration costs.Thanks to a huge library of free extensions Tengyan has become the most powerful, robust and extensible Content Management System available today.<br />\r\nTengyan has a massive developers community (more than 2000 members). This ensures a huge range of free, professional and high quality resources.<br />\r\n<br />\r\n<img alt="" width="300" height="300" src="/upload/other/3370759297.jpg" /><br />\r\n<br />', '', 1, 1, '2011-01-21 14:20:11', '2012-05-21 10:05:56', '0000-00-00 00:00:00', 0, 33);
INSERT INTO `productinfo` VALUES (34, 21, 0, 1, '中文产品测试9', 'Tengyan has no costly licensing fees or risk of vendor lock-in. It can significantly reduce total project integration costs.Thanks to a huge library of free extensions Tengyan has become the most powerful, robust and extensible Content Management System available today.', 'Tengyan has no costly licensing fees or risk of vendor lock-in. It can significantly reduce total project integration costs.Thanks to a huge library of free extensions Tengyan has become the most powerful, robust and extensible Content Management System available today.<br />\r\n<br />\r\nTengyan has no costly licensing fees or risk of vendor lock-in. It can significantly reduce total project integration costs.Thanks to a huge library of free extensions Tengyan has become the most powerful, robust and extensible Content Management System available today.<br />\r\n<br />\r\n<img alt="" width="550" height="363" src="/upload/other/33707588410.jpg" />', '', 1, 1, '2011-01-21 14:23:04', '2012-05-21 10:05:37', '0000-00-00 00:00:00', 0, 34);
INSERT INTO `productinfo` VALUES (35, 29, 0, 1, '中文产品测试7', 'Tengyan has a massive developers community (more than 2000 members). This ensures a huge range of free, professional and high quality resources.Tengyan has a massive developers community (more than 2000 members). This ensures a huge range of free, professional and high quality resources.\r\n\r\n', 'Tengyan has a massive developers community (more than 2000 members). This ensures a huge range of free, professional and high quality resources.Tengyan has a massive developers community (more than 2000 members). This ensures a huge range of free, professional and high quality resources.<br />\r\n<br />\r\n<img alt="" width="300" height="300" src="/upload/other/3370758263.jpg" /><br />\r\n<br />', '', 1, 1, '2011-01-21 14:30:37', '2012-05-21 10:04:32', '0000-00-00 00:00:00', 0, 35);
INSERT INTO `productinfo` VALUES (36, 30, 0, 1, '中文产品测试5', 'Set up user roles and permissions. Assign Manager, Employee or Admin role with ease. Decide what content is available to whom.Support for multiple-language websites. Enjoy clean, user and search engine friendly URLs. Other SEO friendly features are inside too: Titles, Internal Link Structure, Meta Tags.There are absolutely no restriction on how your site looks like. Create very unique, custom theme.\r\n', '中文产品测试Set up user roles and permissions. Assign Manager, Employee or Admin role with ease. Decide what content is available to whom.Support for multiple-language websites. Enjoy clean, user and search engine friendly URLs. Other SEO friendly features are inside too: Titles, Internal Link Structure, Meta Tags.There are absolutely no restriction on how your site looks like. Create very unique, custom theme.<br />\r\n<br />\r\n<img alt="" width="300" height="300" src="/upload/other/3370757797.jpg" />', '', 1, 1, '2011-01-21 14:34:06', '2012-05-21 10:04:12', '0000-00-00 00:00:00', 0, 36);
INSERT INTO `productinfo` VALUES (37, 5, 0, 1, 'costly licensing fees or risk of vendor lock-in. ', 'costly licensing fees or risk of vendor lock-in. It can significantly reduce total project integration costs.Thanks to a huge library of free extensions Tengyan has become the most powerful, robust and extensible Content Management System available today.\r\nTengyan has a massive developers community (more than 2000 members). This ensures a huge range of free, professional and high quality resources.', '<p>Tengyan has a massive developers community (more than 2000 members). This ensures a huge range of free, professional and high quality resources.Tengyan has a massive developers community (more than 2000 members). This ensures a huge range of free, professional and high quality resources.</p>\r\n<p>Tengyan has no costly licensing fees or risk of vendor lock-in. It can significantly reduce total project integration costs.Thanks to a huge library of free extensions Tengyan has become the most powerful, robust and extensible Content Management System available today.</p>\r\n<p>Tengyan has no costly licensing fees or risk of vendor lock-in. It can significantly reduce total project integration costs.Thanks to a huge library of free extensions Tengyan has become the most powerful, robust and extensible Content Management System available today.<br />\r\nTengyan has a massive developers community (more than 2000 members). This ensures a huge range of free, professional and high quality resources.<br />\r\n<br />\r\n<img width="300" height="300" alt="" src="/upload/other/3370760292.jpg" /></p>', '', 1, 1, '2011-01-19 18:55:05', '2012-05-15 18:00:25', '0000-00-00 00:00:00', 0, 37);
INSERT INTO `productinfo` VALUES (38, 5, 0, 1, 'Content Management System available today.', 'Tengyan has no costly licensing fees or risk of vendor lock-in. It can significantly reduce total project integration costs.Thanks to a huge library of free extensions Tengyan has become the most powerful, robust and extensible Content Management System available today.\r\n\r\n', 'Tengyan has no costly licensing fees or risk of vendor lock-in. It can significantly reduce total project integration costs.Thanks to a huge library of free extensions Tengyan has become the most powerful, robust and extensible Content Management System available today.<br />\r\n<br />\r\n<img width="300" height="208" alt="" src="/upload/other/3370760674.jpg" /><br />', '', 1, 1, '2011-01-19 19:12:53', '2012-05-15 18:01:04', '0000-00-00 00:00:00', 0, 38);
INSERT INTO `productinfo` VALUES (39, 5, 0, 1, 'Tengyan has no costly licensing fees or risk ', 'Tengyan has no costly licensing fees or risk of vendor lock-in. It can significantly reduce total project integration costs.Thanks to a huge library of free extensions Tengyan has become the most powerful, robust and extensible Content Management System available today.\r\n', 'Tengyan has no costly licensing fees or risk of vendor lock-in. It can significantly reduce total project integration costs.Thanks to a huge library of free extensions Tengyan has become the most powerful, robust and extensible Content Management System available today.<br />\r\n<br />\r\n<img width="300" height="300" alt="" src="/upload/other/3370759927.jpg" /><br />', '', 1, 1, '2011-01-19 19:17:55', '2012-05-15 17:59:49', '0000-00-00 00:00:00', 0, 39);
INSERT INTO `productinfo` VALUES (40, 6, 0, 1, 'This ensures a huge range of free', 'Tengyan has no costly licensing fees or risk of vendor lock-in. It can significantly reduce total project integration costs.Thanks to a huge library of free extensions Tengyan has become the most powerful, robust and extensible Content Management System available today.\r\nTengyan has a massive developers community (more than 2000 members). This ensures a huge range of free, professional and high quality resources.\r\n', 'Tengyan has no costly licensing fees or risk of vendor lock-in. It can significantly reduce total project integration costs.Thanks to a huge library of free extensions Tengyan has become the most powerful, robust and extensible Content Management System available today.<br />\r\nTengyan has a massive developers community (more than 2000 members). This ensures a huge range of free, professional and high quality resources.<br />\r\n<br />\r\n<img width="300" height="300" alt="" src="/upload/other/3370759477.jpg" /><br />', '', 1, 1, '2011-01-19 19:22:07', '2012-05-15 17:59:08', '0000-00-00 00:00:00', 0, 40);
INSERT INTO `productinfo` VALUES (41, 6, 0, 1, 'It can significantly reduce total project ', 'Tengyan has no costly licensing fees or risk of vendor lock-in. It can significantly reduce total project integration costs.Thanks to a huge library of free extensions Tengyan has become the most powerful, robust and extensible Content Management System available today.\r\nTengyan has a massive developers community (more than 2000 members). This ensures a huge range of free, professional and high quality resources.\r\n\r\n', 'Tengyan has no costly licensing fees or risk of vendor lock-in. It can significantly reduce total project integration costs.Thanks to a huge library of free extensions Tengyan has become the most powerful, robust and extensible Content Management System available today.<br />\r\nTengyan has a massive developers community (more than 2000 members). This ensures a huge range of free, professional and high quality resources.<br />\r\n<br />\r\n<img width="300" height="220" alt="" src="/upload/other/3370759057.jpg" /><br />', '', 1, 1, '2011-01-21 14:20:11', '2012-05-15 17:58:22', '0000-00-00 00:00:00', 0, 41);
INSERT INTO `productinfo` VALUES (42, 6, 0, 1, 'Tengyan has no costly licensing fees or risk of vendor lock-in.11', 'Tengyan has no costly licensing fees or risk of vendor lock-in. It can significantly reduce total project integration costs.Thanks to a huge library of free extensions Tengyan has become the most powerful, robust and extensible Content Management System available today.', 'Tengyan has no costly licensing fees or risk of vendor lock-in. It can significantly reduce total project integration costs.Thanks to a huge library of free extensions Tengyan has become the most powerful, robust and extensible Content Management System available today.<br />\r\n<br />\r\nTengyan has no costly licensing fees or risk of vendor lock-in. It can significantly reduce total project integration costs.Thanks to a huge library of free extensions Tengyan has become the most powerful, robust and extensible Content Management System available today.<br />\r\n<br />\r\n<img width="300" height="208" alt="" src="/upload/other/3370758706.jpg" /><br />\r\n<br />', '', 1, 1, '2011-01-21 14:23:04', '2012-05-15 17:57:48', '0000-00-00 00:00:00', 0, 42);
INSERT INTO `productinfo` VALUES (43, 7, 0, 1, 'Tengyan has a massive developers community ', 'Tengyan has a massive developers community (more than 2000 members). This ensures a huge range of free, professional and high quality resources.Tengyan has a massive developers community (more than 2000 members). This ensures a huge range of free, professional and high quality resources.\r\n\r\n', 'Tengyan has a massive developers community (more than 2000 members). This ensures a huge range of free, professional and high quality resources.Tengyan has a massive developers community (more than 2000 members). This ensures a huge range of free, professional and high quality resources.<br />\r\n<br />\r\n<img width="300" height="300" alt="" src="/upload/other/3370758358.jpg" />', '', 1, 1, '2011-01-21 14:30:37', '2012-05-15 17:57:14', '0000-00-00 00:00:00', 0, 43);
INSERT INTO `productinfo` VALUES (44, 8, 0, 1, 'There are absolutely no restriction on how your site looks like.', 'Set up user roles and permissions. Assign Manager, Employee or Admin role with ease. Decide what content is available to whom.Support for multiple-language websites. Enjoy clean, user and search engine friendly URLs. Other SEO friendly features are inside too: Titles, Internal Link Structure, Meta Tags.There are absolutely no restriction on how your site looks like. Create very unique, custom theme.\r\n', 'Set up user roles and permissions. Assign Manager, Employee or Admin role with ease. Decide what content is available to whom.Support for multiple-language websites. Enjoy clean, user and search engine friendly URLs. Other SEO friendly features are inside too: Titles, Internal Link Structure, Meta Tags.There are absolutely no restriction on how your site looks like. Create very unique, custom theme.<br />\r\n<br />\r\n<img width="300" height="300" alt="" src="/upload/other/3370758007.jpg" /><br />', '', 1, 1, '2011-01-21 14:34:06', '2012-05-15 17:56:39', '0000-00-00 00:00:00', 0, 44);
INSERT INTO `productinfo` VALUES (45, 8, 0, 1, 'Tengyan has no costly licensing ', '腾岩科技为您量身定做各类网站，会根据您的需求和您公司的特色，为您订制特色网站。\r\n\r\n网站采用的技术是PHP语言+MYSQL数据库，可在WINDOWS，LINUX，UNIX，CENTOS多种服务器上跨平台运行。\r\n', '腾岩科技为您量身定做各类网站，会根据您的需求和您公司的特色，为您订制特色网站。<br />\r\n<br />\r\n网站采用的技术是PHP语言+MYSQL数据库，可在WINDOWS，LINUX，UNIX，CENTOS多种服务器上跨平台运行。<br />\r\n<br />\r\n网站整体结构策划及企业形象设计；<br />\r\n&rarr;基础服务: 个性化主页及频道栏目设计（包含公司简介、产品介绍、用户反馈、联系我们）；<br />\r\n&rarr; 精美页面10页，超出部分按100元/页收费（产品介绍页面的产品条目不得超过50）；<br />\r\n&rarr; 网站功能：新闻管理系统、产品管理系统、后台用户管理、招聘管理系统、权限系统、数据库备份、广告管理、版面管理、支持SEO优化、每个新闻和每个产品页面可自定义SEO搜索标签、前台邮件反馈系统、支持第三方统计代码、网站防拷贝、支持GOOGLE地图。<br />\r\n<img alt="" width="300" height="208" src="/upload/other/3370756356.jpg" /><br />\r\n<br />\r\n<br />\r\n详细功能可参考我们的DEMO演示站点:<br />\r\n<a class="link_navi" href="http://demo-1.vicp.net:8080/">http://demo-1.vicp.net:8080/</a><br />\r\n<a class="link_navi" href="http://demo-2.vicp.net:8080/">http://demo-2.vicp.net:8080/</a>', '', 1, 1, '2012-02-28 14:14:26', '2012-05-21 10:04:56', '0000-00-00 00:00:00', 0, 45);
INSERT INTO `productinfo` VALUES (46, 7, 0, 1, 'Tengyan has no costly licensing fees or risk of vendor lock-in', 'Tengyan has no costly licensing fees or risk of vendor lock-in. It can significantly reduce total project integration costs.Thanks to a huge library of free extensions Tengyan has become the most powerful, robust and extensible Content Management System available today.\r\n', 'Tengyan has no costly licensing fees or risk of vendor lock-in. It can significantly reduce total project integration costs.Thanks to a huge library of free extensions Tengyan has become the most powerful, robust and extensible Content Management System available today.<br />\r\n<br />\r\n<br />\r\n<img width="300" height="300" alt="" src="/upload/other/3370757421.jpg" />', '', 1, 1, '2011-01-21 14:42:10', '2012-05-15 17:55:44', '0000-00-00 00:00:00', 0, 46);
INSERT INTO `productinfo` VALUES (47, 9, 0, 1, 'Tengyan is a market leader', 'Tengyan is a market leader. It’s been awarded a CMS of the year 2007, 2008 and won a Hall of Fame Award in the 2009 being the Best Open Source PHP CMS.\r\nTengyan has a massive developers community (more than 2000 members). This ensures a huge range of free, professional and high quality resources', 'Tengyan is a market leader. It&rsquo;s been awarded a CMS of the year 2007, 2008 and won a Hall of Fame Award in the 2009 being the Best Open Source PHP CMS. Tengyan has a massive developers community (more than 2000 members). This ensures a huge range of free, professional and high quality resources<br />\r\n<br />\r\n<img width="300" height="220" alt="" src="/upload/other/3370757328.jpg" />', '', 1, 1, '2011-01-21 14:45:46', '2012-05-15 17:55:24', '0000-00-00 00:00:00', 0, 47);
INSERT INTO `productinfo` VALUES (48, 9, 0, 1, 'Create/Delete/Change content with ease', 'With Tengyan, we''ve added many that we believe are essential to build modern, usable and functional websites.Create/Delete/Change content with ease. Manage page structure.Tengyan admin interface is no more problematic. Easy to navigate and straightforward admin dashboard.', '<p>With Tengyan, we''ve added many that we believe are essential to build modern, usable and functional websites.Create/Delete/Change content with ease. Manage page structure.Tengyan admin interface is no more problematic. Easy to navigate and straightforward admin dashboard.</p>\r\n<p>Set up user roles and permissions. Assign Manager, Employee or Admin role with ease. Decide what content is available to whom.Support for multiple-language websites. Enjoy clean, user and search engine friendly URLs. Other SEO friendly features are inside too: Titles, Internal Link Structure, Meta Tags.There are absolutely no restriction on how your site looks like. Create very unique, custom theme.<br />\r\n<br />\r\n<img width="550" height="363" alt="" src="/upload/other/3370757105.jpg" /></p>', '111', 1, 1, '2011-01-21 14:48:05', '2012-05-15 17:55:09', '0000-00-00 00:00:00', 0, 48);
INSERT INTO `productinfo` VALUES (49, 9, 0, 1, '电子商务是企业上网欲实现的目标', '电子商务是企业上网欲实现的目标。B2C就是商家与顾客之间的商务活动，他也将成为电子商务的一种主要的商务形式，"B2C网上购物网站"是实现这种商务活动的电子平台。商家可以根据自己的实际情况，根据自己发展电子商务的目标；选择所需的功能系统，组成自己的电子商务网站。 \r\n', '电子商务是企业上网欲实现的目标。B2C就是商家与顾客之间的商务活动，他也将成为电子商务的一种主要的商务形式，&quot;B2C网上购物网站&quot;是实现这种商务活动的电子平台。商家可以根据自己的实际情况，根据自己发展电子商务的目标；选择所需的功能系统，组成自己的电子商务网站。&nbsp;<br />\r\n<br />\r\n标准版 基础服务： &rarr; 个性化主页及频道栏目设计（包含公司简介、公司动态、产品介绍、用户反馈、联系我们）；后台管理系统，包括人员、权限管理； &rarr; 新闻管理系统，包括新闻的发布、修改、删除、查询。 &rarr; 产品管理系统，包括产品信息的发布、修改、删除； &rarr; 会员注册及管理系统，包括会员注册、基本资料管理及为会员单独提供有价信息； &rarr; 网上商城系统，包括购物车、订单、及订单反馈（包括支付系统）。&nbsp;<br />\r\n<br />\r\n&rarr; 顶级域名一个：国际域名www.yourname.com或国内域名ww.yourname.com.cn ；维护与改版： 第二年起收取网站空间及维护费1500元（包含域名费）； 企业版 基础服务： &rarr; 个性化主页及频道栏目设计（新闻管理系统、产品管理系统、后台用户管理、招聘管理系统、权限系统、数据库备份、广告管理、版面管理、支持SEO优化、每个新闻和每个产品页面可自定义SEO搜索标签、前台邮件反馈系统、支持第三方统计代码、网站防拷贝、支持GOOGLE地图）； &rarr; 精美页面20页，首页包含FLASH动态精美效果。超出部分按100元/页收费；后台管理系统，包括人员、权限管理；&nbsp;<br />\r\n<br />\r\n&rarr; 新闻图库管理系统，包括新闻的发布、修改、删除、查询。 &rarr; 产品管理系统，包括产品信息的发布、修改、删除； &rarr; 会员注册及管理系统，包括会员注册、基本资料管理及为会员单独提供有价信息； &rarr; 网上商城系统，包括购物车、订单、及订单反馈（包括支付系统）。 &rarr; 顶级域名一个：国际域名www.yourname.com或国内域www.yourname.com.cn ；维护与改版： 第二年起收取网站空间及维护费6000元（包含域名费）；', '', 0, 1, '2012-02-28 14:17:08', '2012-02-28 14:17:31', '2012-03-10 14:57:04', 0, 49);
INSERT INTO `productinfo` VALUES (50, 10, 0, 1, 'costly licensing fees or risk of vendor lock-in. ', 'costly licensing fees or risk of vendor lock-in. It can significantly reduce total project integration costs.Thanks to a huge library of free extensions Tengyan has become the most powerful, robust and extensible Content Management System available today.\r\nTengyan has a massive developers community (more than 2000 members). This ensures a huge range of free, professional and high quality resources.', '<p>Tengyan has a massive developers community (more than 2000 members). This ensures a huge range of free, professional and high quality resources.Tengyan has a massive developers community (more than 2000 members). This ensures a huge range of free, professional and high quality resources.</p>\r\n<p>Tengyan has no costly licensing fees or risk of vendor lock-in. It can significantly reduce total project integration costs.Thanks to a huge library of free extensions Tengyan has become the most powerful, robust and extensible Content Management System available today.</p>\r\n<p>Tengyan has no costly licensing fees or risk of vendor lock-in. It can significantly reduce total project integration costs.Thanks to a huge library of free extensions Tengyan has become the most powerful, robust and extensible Content Management System available today.<br />\r\nTengyan has a massive developers community (more than 2000 members). This ensures a huge range of free, professional and high quality resources.<br />\r\n<br />\r\n<img width="300" height="300" alt="" src="/upload/other/3370760103.jpg" /></p>', '', 1, 1, '2011-01-19 18:55:05', '2012-05-15 18:00:08', '0000-00-00 00:00:00', 0, 50);
INSERT INTO `productinfo` VALUES (51, 10, 0, 1, 'Content Management System available today.', 'Tengyan has no costly licensing fees or risk of vendor lock-in. It can significantly reduce total project integration costs.Thanks to a huge library of free extensions Tengyan has become the most powerful, robust and extensible Content Management System available today.\r\n\r\n', 'Tengyan has no costly licensing fees or risk of vendor lock-in. It can significantly reduce total project integration costs.Thanks to a huge library of free extensions Tengyan has become the most powerful, robust and extensible Content Management System available today.<br />\r\n<br />\r\n<img width="300" height="300" alt="" src="/upload/other/3370760451.jpg" /><br />', '', 1, 1, '2011-01-19 19:12:53', '2012-05-15 18:00:44', '0000-00-00 00:00:00', 0, 51);
INSERT INTO `productinfo` VALUES (52, 11, 0, 1, 'Tengyan has no costly licensing fees or risk ', 'Tengyan has no costly licensing fees or risk of vendor lock-in. It can significantly reduce total project integration costs.Thanks to a huge library of free extensions Tengyan has become the most powerful, robust and extensible Content Management System available today.\r\n', 'Tengyan has no costly licensing fees or risk of vendor lock-in. It can significantly reduce total project integration costs.Thanks to a huge library of free extensions Tengyan has become the most powerful, robust and extensible Content Management System available today.<br />\r\n<br />\r\n<img width="300" height="220" alt="" src="/upload/other/3370760856.jpg" /><br />', '', 1, 1, '2011-01-19 19:17:55', '2012-05-15 18:01:19', '0000-00-00 00:00:00', 0, 52);
INSERT INTO `productinfo` VALUES (53, 12, 0, 1, 'This ensures a huge range of free', 'Tengyan has no costly licensing fees or risk of vendor lock-in. It can significantly reduce total project integration costs.Thanks to a huge library of free extensions Tengyan has become the most powerful, robust and extensible Content Management System available today.\r\nTengyan has a massive developers community (more than 2000 members). This ensures a huge range of free, professional and high quality resources.\r\n', 'Tengyan has no costly licensing fees or risk of vendor lock-in. It can significantly reduce total project integration costs.Thanks to a huge library of free extensions Tengyan has become the most powerful, robust and extensible Content Management System available today.<br />\r\nTengyan has a massive developers community (more than 2000 members). This ensures a huge range of free, professional and high quality resources.<br />\r\n<br />\r\n<img width="300" height="300" alt="" src="/upload/other/3370759721.jpg" />', '', 1, 1, '2011-01-19 19:22:07', '2012-05-15 17:59:27', '0000-00-00 00:00:00', 0, 53);
INSERT INTO `productinfo` VALUES (54, 12, 0, 1, 'It can significantly reduce total project ', 'Tengyan has no costly licensing fees or risk of vendor lock-in. It can significantly reduce total project integration costs.Thanks to a huge library of free extensions Tengyan has become the most powerful, robust and extensible Content Management System available today.\r\nTengyan has a massive developers community (more than 2000 members). This ensures a huge range of free, professional and high quality resources.\r\n\r\n', 'Tengyan has no costly licensing fees or risk of vendor lock-in. It can significantly reduce total project integration costs.Thanks to a huge library of free extensions Tengyan has become the most powerful, robust and extensible Content Management System available today.<br />\r\nTengyan has a massive developers community (more than 2000 members). This ensures a huge range of free, professional and high quality resources.<br />\r\n<br />\r\n<img width="300" height="300" alt="" src="/upload/other/3370759297.jpg" /><br />\r\n<br />', '', 1, 1, '2011-01-21 14:20:11', '2012-05-15 17:58:44', '0000-00-00 00:00:00', 0, 54);
INSERT INTO `productinfo` VALUES (55, 14, 0, 1, 'Tengyan has no costly licensing fees or risk of vendor lock-in.', 'Tengyan has no costly licensing fees or risk of vendor lock-in. It can significantly reduce total project integration costs.Thanks to a huge library of free extensions Tengyan has become the most powerful, robust and extensible Content Management System available today.', 'Tengyan has no costly licensing fees or risk of vendor lock-in. It can significantly reduce total project integration costs.Thanks to a huge library of free extensions Tengyan has become the most powerful, robust and extensible Content Management System available today.<br />\r\n<br />\r\nTengyan has no costly licensing fees or risk of vendor lock-in. It can significantly reduce total project integration costs.Thanks to a huge library of free extensions Tengyan has become the most powerful, robust and extensible Content Management System available today.<br />\r\n<br />\r\n<img width="550" height="363" alt="" src="/upload/other/33707588410.jpg" />', '', 1, 1, '2011-01-21 14:23:04', '2012-05-15 17:58:06', '0000-00-00 00:00:00', 0, 55);
INSERT INTO `productinfo` VALUES (56, 14, 0, 1, 'Tengyan has a massive developers community ', 'Tengyan has a massive developers community (more than 2000 members). This ensures a huge range of free, professional and high quality resources.Tengyan has a massive developers community (more than 2000 members). This ensures a huge range of free, professional and high quality resources.\r\n\r\n', 'Tengyan has a massive developers community (more than 2000 members). This ensures a huge range of free, professional and high quality resources.Tengyan has a massive developers community (more than 2000 members). This ensures a huge range of free, professional and high quality resources.<br />\r\n<br />\r\n<img width="300" height="300" alt="" src="/upload/other/3370758263.jpg" /><br />\r\n<br />', '', 1, 1, '2011-01-21 14:30:37', '2012-05-15 17:56:59', '0000-00-00 00:00:00', 0, 56);
INSERT INTO `productinfo` VALUES (57, 18, 0, 1, 'There are absolutely no restriction on how your site looks like.', 'Set up user roles and permissions. Assign Manager, Employee or Admin role with ease. Decide what content is available to whom.Support for multiple-language websites. Enjoy clean, user and search engine friendly URLs. Other SEO friendly features are inside too: Titles, Internal Link Structure, Meta Tags.There are absolutely no restriction on how your site looks like. Create very unique, custom theme.\r\n', 'Set up user roles and permissions. Assign Manager, Employee or Admin role with ease. Decide what content is available to whom.Support for multiple-language websites. Enjoy clean, user and search engine friendly URLs. Other SEO friendly features are inside too: Titles, Internal Link Structure, Meta Tags.There are absolutely no restriction on how your site looks like. Create very unique, custom theme.<br />\r\n<br />\r\n<img width="300" height="300" alt="" src="/upload/other/3370757797.jpg" />', '', 1, 1, '2011-01-21 14:34:06', '2012-05-15 17:56:20', '0000-00-00 00:00:00', 0, 57);
INSERT INTO `productinfo` VALUES (58, 2, 0, 1, '新增空白产品', '', '', '', 1, 1, '2013-06-13 17:21:40', '0000-00-00 00:00:00', '0000-00-00 00:00:00', 0, 58);
INSERT INTO `productinfo` VALUES (59, 2, 0, 1, '新增空白产品', '', '', '', 1, 1, '2013-06-13 17:21:42', '0000-00-00 00:00:00', '0000-00-00 00:00:00', 0, 59);
INSERT INTO `productinfo` VALUES (60, 2, 0, 1, '新增空白产品', '', '', '', 1, 1, '2013-06-13 17:21:45', '0000-00-00 00:00:00', '0000-00-00 00:00:00', 0, 60);
INSERT INTO `productinfo` VALUES (61, 28, 0, 1, '石栏电动车专用LED照明灯 2寸内置式15W远近光双 LED200', '2013年5月新品\r\n\r\n石栏犀利眼品牌电动车摩托车专用LED照明灯\r\n\r\n\r\n电动车摩托车灯光升级三种选择、效果分析及推荐指数：\r\n\r\n（1）安装石栏增光器或选择高瓦数的灯泡。效果及问题：已经是老式保守型的方法，而且耗电厉害，亮度提升少。价钱：50元-80元左右。\r\n\r\n    推荐指数：★☆ 属不推荐行列。\r\n\r\n（2）安装HID氙气灯。效果及问题：比较新潮见效的方法，电动车和个别的摩托车大灯塑料耐温性能不高，安装HID后容易导致前大灯出现老化及龟裂现象，而且耗电也不低，电瓶容量少的摩托车，特别是电动车根本用不上。市场价：100元-200元。\r\n\r\n    推荐指数：★★☆ 属可使用范围。\r\n\r\n（3）选择安装石栏电动车摩托车专用LED照明灯。最新科技发明，节能省电，而且LED亮度高，功效高，发热小，用电低，光线穿透能力强，整体美观，铝合金外壳实在，车用防水设计放心实用，价钱低.市场价：80元到150元。\r\n\r\n    推荐指数：★★★★☆ 属极度推荐系列。\r\n', '<p>\r\n	<span style="font-size: 16px;"><a href="http://www.sl138.com/uploadfile/20130426/20130426015744701.jpg"><img alt="" src="http://www.sl138.com/uploadfile/20130426/20130426015744701.jpg" /></a><br />\r\n	<br />\r\n	2013年5月新品</span></p>\r\n<p>\r\n	<span style="font-size: 16px;">石栏犀利眼品牌电动车摩托车专用LED照明灯</span></p>\r\n<p>\r\n	&nbsp;</p>\r\n<p>\r\n	<span style="font-size: 16px;">电动车摩托车灯光升级三种选择、效果分析及推荐指数：</span></p>\r\n<p>\r\n	<span style="font-size: 16px;">（1）安装石栏增光器或选择高瓦数的灯泡。效果及问题：已经是老式保守型的方法，而且耗电厉害，亮度提升少。价钱：50元-80元左右。</span></p>\r\n<p>\r\n	<span style="font-size: 16px;">&nbsp;&nbsp;&nbsp; 推荐指数：★☆ 属不推荐行列。</span></p>\r\n<p>\r\n	<span style="font-size: 16px;">（2）安装HID氙气灯。效果及问题：比较新潮见效的方法，电动车和个别的摩托车大灯塑料耐温性能不高，安装HID后容易导致前大灯出现老化及龟裂现象，而且耗电也不低，电瓶容量少的摩托车，特别是电动车根本用不上。市场价：100元-200元。</span></p>\r\n<p>\r\n	<span style="font-size: 16px;">&nbsp;&nbsp;&nbsp; 推荐指数：★★☆ 属可使用范围。</span></p>\r\n<p>\r\n	<span style="font-size: 16px;">（3）选择安装石栏电动车摩托车专用LED照明灯。最新科技发明，节能省电，而且LED亮度高，功效高，发热小，用电低，光线穿透能力强，整体美观，铝合金外壳实在，车用防水设计放心实用，价钱低.市场价：80元到150元。</span></p>\r\n<p>\r\n	<span style="font-size: 16px;">&nbsp;&nbsp;&nbsp; 推荐指数：★★★★☆ 属极度推荐系列。</span></p>\r\n<p>\r\n	&nbsp;</p>\r\n<p>\r\n	<span style="font-size: 16px;">市场适用范围及产品前景：</span></p>\r\n<p>\r\n	<span style="font-size: 16px;">&nbsp;&nbsp;&nbsp; 针对市面上电动车摩托车前大灯照明亮度极，严重影响个人自身行驶安全，适应道路照明要求，而普通国产的电动车及摩托车普遍大灯塑料质量偏差，不耐高温而研发的新产品。可替代HID氙气灯用于所有市面上的摩托车及电动车使用，市场前景广阔，适用范围广，而且产品价钱适中，适合市场大力推广使用。部分SUV越野型汽车也可固定在前保险杠上使用。</span></p>\r\n<p>\r\n	&nbsp;</p>\r\n<p>\r\n	&nbsp;</p>\r\n<p>\r\n	<span style="font-size: 16px;">领先优势：</span></p>\r\n<p>\r\n	<span style="font-size: 16px;">&middot;全面防水设计，不怕雨淋水洗；</span></p>\r\n<p>\r\n	<span style="font-size: 16px;">&middot;超高亮度，最高可达1500流明；</span></p>\r\n<p>\r\n	<span style="font-size: 16px;">&middot;美国进口原装CREE科税U2蕊片，寿命长达20000小时以上；</span></p>\r\n<p>\r\n	<span style="font-size: 16px;">&middot;最新节能科技，7W相当于35W传统灯泡的数倍亮度；</span></p>\r\n<p>\r\n	<span style="font-size: 16px;">&middot;日光色6000K色温，射程长达500米以上；</span></p>\r\n<p>\r\n	<span style="font-size: 16px;">&middot;专门针对电动车宽电压设计，支持6V-60V的电压输入；</span></p>\r\n<p>\r\n	<span style="font-size: 16px;">&middot;全铝反光杯及全铝外壳，耐高温，全方位散热高效保障；</span></p>\r\n<p>\r\n	<span style="font-size: 16px;">&middot;加强加厚支架，安装极方便，长久稳定耐用；</span></p>\r\n<p>\r\n	<br />\r\n	<span style="font-size: 16px;">电动车专用LED照明灯参数：</span></p>\r\n<p>\r\n	<span style="font-size: 16px;">产品型号：LED-200<br />\r\n	产品尺寸：2.0寸反射灯罩<br />\r\n	产品类型：内置式+超强散热座<br />\r\n	输出亮度：远光1500流明，近光700流明<br />\r\n	输出功率：远光15W，近光7W<br />\r\n	输出色温：6000K-8000K 超白光<br />\r\n	适用电压：DC8-60V</span></p>\r\n<p>\r\n	<br />\r\n	<span style="font-size: 16px;">产品特性：<br />\r\n	&middot;超高亮度设计，与原车灯光强大的对比性，极大方便晚上出行安全；<br />\r\n	&middot;远射型，远近光双亮度设计，适合道路交通规则及行车习惯；<br />\r\n	&middot;大灯内置式安装方式，与原车灯无缝相接；<br />\r\n	&middot;内外双重散热功能，超大散热座，长时间使用无担忧；<br />\r\n	&middot;防水设计，可适合于车内车外使用；<br />\r\n	&middot;铝合金外壳+铝合金反光杯，可令你无忧使用10年以上。</span></p>\r\n<p>\r\n	<span style="font-size: 16px;">产品适用范围：</span></p>\r\n<p>\r\n	<span style="font-size: 16px;">&nbsp;&nbsp;&nbsp; 所有电动车、电动三轮车、电瓶差及发电不良摩托车、汽车前保险杠射灯、倒车灯、狩猎灯、工程灯、矿山灯等特种照明。</span></p>\r\n', 'hid,石栏LED,石栏HID', 1, 1, '2013-06-13 17:21:47', '2013-06-13 17:29:35', '0000-00-00 00:00:00', 0, 61);

-- --------------------------------------------------------

-- 
-- 表的结构 `productpic`
-- 

CREATE TABLE `productpic` (
  `id_prodpic` int(11) NOT NULL auto_increment,
  `id_prodinfo` int(11) NOT NULL,
  `id_hr` int(11) NOT NULL,
  `title` varchar(250) NOT NULL,
  `intro` text NOT NULL,
  `url` varchar(250) NOT NULL,
  `opicname` varchar(250) NOT NULL,
  `spicname` varchar(250) NOT NULL,
  `dele` int(1) NOT NULL default '1',
  `type` varchar(3) NOT NULL,
  `indate` datetime NOT NULL,
  `modate` datetime NOT NULL,
  `deldate` datetime NOT NULL,
  `browsecount` int(11) NOT NULL,
  PRIMARY KEY  (`id_prodpic`)
) ENGINE=MyISAM  DEFAULT CHARSET=utf8 AUTO_INCREMENT=42 ;

-- 
-- 导出表中的数据 `productpic`
-- 

INSERT INTO `productpic` VALUES (1, 27, 1, '', '', '', '1337051397.jpg', '', 1, 'JPG', '2012-05-15 11:09:57', '0000-00-00 00:00:00', '0000-00-00 00:00:00', 0);
INSERT INTO `productpic` VALUES (2, 26, 1, '', '', '', '1337051407.jpg', '', 1, 'JPG', '2012-05-15 11:10:07', '0000-00-00 00:00:00', '0000-00-00 00:00:00', 0);
INSERT INTO `productpic` VALUES (3, 25, 1, '', '', '', '1337051418.jpg', '', 1, 'JPG', '2012-05-15 11:10:18', '0000-00-00 00:00:00', '0000-00-00 00:00:00', 0);
INSERT INTO `productpic` VALUES (4, 24, 1, '', '', '', '1337051428.jpg', '', 1, 'JPG', '2012-05-15 11:10:28', '0000-00-00 00:00:00', '0000-00-00 00:00:00', 0);
INSERT INTO `productpic` VALUES (5, 22, 1, '', '', '', '1337051438.jpg', '', 1, 'JPG', '2012-05-15 11:10:39', '0000-00-00 00:00:00', '0000-00-00 00:00:00', 0);
INSERT INTO `productpic` VALUES (6, 21, 1, '', '', '', '1337051447.jpg', '', 1, 'JPG', '2012-05-15 11:10:47', '0000-00-00 00:00:00', '0000-00-00 00:00:00', 0);
INSERT INTO `productpic` VALUES (7, 35, 1, '', '', '', '1337051454.jpg', '', 1, 'JPG', '2012-05-15 11:10:54', '0000-00-00 00:00:00', '0000-00-00 00:00:00', 0);
INSERT INTO `productpic` VALUES (8, 20, 1, '', '', '', '1337051465.jpg', '', 1, 'JPG', '2012-05-15 11:11:05', '0000-00-00 00:00:00', '0000-00-00 00:00:00', 0);
INSERT INTO `productpic` VALUES (9, 36, 1, '', '', '', '1337052215.jpg', '', 1, 'JPG', '2012-05-15 11:23:35', '0000-00-00 00:00:00', '0000-00-00 00:00:00', 0);
INSERT INTO `productpic` VALUES (10, 29, 1, '', '', '', '1337052235.jpg', '', 1, 'JPG', '2012-05-15 11:23:55', '0000-00-00 00:00:00', '0000-00-00 00:00:00', 0);
INSERT INTO `productpic` VALUES (11, 34, 1, '', '', '', '1337052689.jpg', '', 1, 'JPG', '2012-05-15 11:31:30', '0000-00-00 00:00:00', '0000-00-00 00:00:00', 0);
INSERT INTO `productpic` VALUES (12, 19, 1, '', '', '', '1337052702.jpg', '', 1, 'JPG', '2012-05-15 11:31:42', '0000-00-00 00:00:00', '0000-00-00 00:00:00', 0);
INSERT INTO `productpic` VALUES (13, 33, 1, '', '', '', '1337052715.jpg', '', 1, 'JPG', '2012-05-15 11:31:55', '0000-00-00 00:00:00', '0000-00-00 00:00:00', 0);
INSERT INTO `productpic` VALUES (14, 18, 1, '', '', '', '1337052734.jpg', '', 1, 'JPG', '2012-05-15 11:32:14', '0000-00-00 00:00:00', '0000-00-00 00:00:00', 0);
INSERT INTO `productpic` VALUES (15, 32, 1, '', '', '', '1337052771.jpg', '', 1, 'JPG', '2012-05-15 11:32:52', '0000-00-00 00:00:00', '0000-00-00 00:00:00', 0);
INSERT INTO `productpic` VALUES (16, 17, 1, '', '', '', '1337052788.jpg', '', 1, 'JPG', '2012-05-15 11:33:08', '0000-00-00 00:00:00', '0000-00-00 00:00:00', 0);
INSERT INTO `productpic` VALUES (17, 31, 1, '', '', '', '1337052802.jpg', '', 1, 'JPG', '2012-05-15 11:33:22', '0000-00-00 00:00:00', '0000-00-00 00:00:00', 0);
INSERT INTO `productpic` VALUES (18, 16, 1, '', '', '', '1337052814.jpg', '', 1, 'JPG', '2012-05-15 11:33:34', '0000-00-00 00:00:00', '0000-00-00 00:00:00', 0);
INSERT INTO `productpic` VALUES (19, 30, 1, '', '', '', '1337052826.jpg', '', 1, 'JPG', '2012-05-15 11:33:46', '0000-00-00 00:00:00', '0000-00-00 00:00:00', 0);
INSERT INTO `productpic` VALUES (20, 15, 1, '', '', '', '1337052840.jpg', '', 1, 'JPG', '2012-05-15 11:34:00', '0000-00-00 00:00:00', '0000-00-00 00:00:00', 0);
INSERT INTO `productpic` VALUES (21, 45, 1, '', '', '', '1337085148.jpg', '', 1, 'JPG', '2012-05-15 20:32:29', '0000-00-00 00:00:00', '0000-00-00 00:00:00', 0);
INSERT INTO `productpic` VALUES (22, 48, 1, '', '', '', '1337085158.jpg', '', 1, 'JPG', '2012-05-15 20:32:38', '0000-00-00 00:00:00', '0000-00-00 00:00:00', 0);
INSERT INTO `productpic` VALUES (23, 47, 1, '', '', '', '1337085168.jpg', '', 1, 'JPG', '2012-05-15 20:32:48', '0000-00-00 00:00:00', '0000-00-00 00:00:00', 0);
INSERT INTO `productpic` VALUES (24, 46, 1, '', '', '', '1337085177.jpg', '', 1, 'JPG', '2012-05-15 20:32:57', '0000-00-00 00:00:00', '0000-00-00 00:00:00', 0);
INSERT INTO `productpic` VALUES (25, 44, 1, '', '', '', '1337085187.jpg', '', 1, 'JPG', '2012-05-15 20:33:07', '0000-00-00 00:00:00', '0000-00-00 00:00:00', 0);
INSERT INTO `productpic` VALUES (26, 57, 1, '', '', '', '1337085195.jpg', '', 1, 'JPG', '2012-05-15 20:33:15', '0000-00-00 00:00:00', '0000-00-00 00:00:00', 0);
INSERT INTO `productpic` VALUES (27, 43, 1, '', '', '', '1337085204.jpg', '', 1, 'JPG', '2012-05-15 20:33:24', '0000-00-00 00:00:00', '0000-00-00 00:00:00', 0);
INSERT INTO `productpic` VALUES (28, 56, 1, '', '', '', '1337085213.jpg', '', 1, 'JPG', '2012-05-15 20:33:33', '0000-00-00 00:00:00', '0000-00-00 00:00:00', 0);
INSERT INTO `productpic` VALUES (29, 42, 1, '', '', '', '1337085221.jpg', '', 1, 'JPG', '2012-05-15 20:33:41', '0000-00-00 00:00:00', '0000-00-00 00:00:00', 0);
INSERT INTO `productpic` VALUES (30, 55, 1, '', '', '', '1337085229.jpg', '', 1, 'JPG', '2012-05-15 20:33:49', '0000-00-00 00:00:00', '0000-00-00 00:00:00', 0);
INSERT INTO `productpic` VALUES (31, 41, 1, '', '', '', '1337085237.jpg', '', 1, 'JPG', '2012-05-15 20:33:57', '0000-00-00 00:00:00', '0000-00-00 00:00:00', 0);
INSERT INTO `productpic` VALUES (32, 54, 1, '', '', '', '1337085246.jpg', '', 1, 'JPG', '2012-05-15 20:34:06', '0000-00-00 00:00:00', '0000-00-00 00:00:00', 0);
INSERT INTO `productpic` VALUES (33, 40, 1, '', '', '', '1337085253.jpg', '', 1, 'JPG', '2012-05-15 20:34:13', '0000-00-00 00:00:00', '0000-00-00 00:00:00', 0);
INSERT INTO `productpic` VALUES (34, 53, 1, '', '', '', '1337085260.jpg', '', 1, 'JPG', '2012-05-15 20:34:20', '0000-00-00 00:00:00', '0000-00-00 00:00:00', 0);
INSERT INTO `productpic` VALUES (35, 39, 1, '', '', '', '1337085271.jpg', '', 1, 'JPG', '2012-05-15 20:34:31', '0000-00-00 00:00:00', '0000-00-00 00:00:00', 0);
INSERT INTO `productpic` VALUES (36, 52, 1, '', '', '', '1337085279.jpg', '', 1, 'JPG', '2012-05-15 20:34:39', '0000-00-00 00:00:00', '0000-00-00 00:00:00', 0);
INSERT INTO `productpic` VALUES (37, 38, 1, '', '', '', '1337085288.jpg', '', 1, 'JPG', '2012-05-15 20:34:48', '0000-00-00 00:00:00', '0000-00-00 00:00:00', 0);
INSERT INTO `productpic` VALUES (38, 51, 1, '', '', '', '1337085299.jpg', '', 1, 'JPG', '2012-05-15 20:34:59', '0000-00-00 00:00:00', '0000-00-00 00:00:00', 0);
INSERT INTO `productpic` VALUES (39, 37, 1, '', '', '', '1337085308.jpg', '', 1, 'JPG', '2012-05-15 20:35:08', '0000-00-00 00:00:00', '0000-00-00 00:00:00', 0);
INSERT INTO `productpic` VALUES (40, 50, 1, '', '', '', '1337085315.jpg', '', 1, 'JPG', '2012-05-15 20:35:15', '0000-00-00 00:00:00', '0000-00-00 00:00:00', 0);

-- --------------------------------------------------------

-- 
-- 表的结构 `siteset`
-- 

CREATE TABLE `siteset` (
  `id_siteset` int(11) NOT NULL auto_increment,
  `lang` int(1) NOT NULL default '1',
  `title` text NOT NULL,
  `keywords` text NOT NULL,
  `description` text NOT NULL,
  `otherheader` text NOT NULL,
  `iscopy` int(1) NOT NULL default '0',
  `rmailbox` varchar(50) NOT NULL,
  `smailbox` varchar(50) NOT NULL,
  `smailboxpass` varchar(50) NOT NULL,
  `icp` varchar(25) NOT NULL,
  `mapcode` text NOT NULL,
  `statistics` text NOT NULL,
  `isstyle` varchar(8) NOT NULL,
  PRIMARY KEY  (`id_siteset`)
) ENGINE=MyISAM  DEFAULT CHARSET=utf8 AUTO_INCREMENT=2 ;

-- 
-- 导出表中的数据 `siteset`
-- 

INSERT INTO `siteset` VALUES (1, 1, '有限公司', '有限公司', '有限公司', '', 0, '', '', '', '', '', '', '');

-- --------------------------------------------------------

-- 
-- 表的结构 `title`
-- 

CREATE TABLE `title` (
  `id_title` int(11) NOT NULL auto_increment,
  `title` varchar(25) NOT NULL,
  `lang` int(1) NOT NULL default '1',
  PRIMARY KEY  (`id_title`)
) ENGINE=MyISAM  DEFAULT CHARSET=utf8 AUTO_INCREMENT=16 ;

-- 
-- 导出表中的数据 `title`
-- 

INSERT INTO `title` VALUES (15, 'q', 1);

-- --------------------------------------------------------

-- 
-- 表的结构 `webmenu`
-- 

CREATE TABLE `webmenu` (
  `id_webmenu` int(11) NOT NULL auto_increment,
  `lang` int(1) NOT NULL default '1',
  `name` varchar(25) NOT NULL,
  `url` text NOT NULL,
  `dele` int(1) NOT NULL default '1',
  `fatherid` int(11) NOT NULL,
  `level` int(1) NOT NULL,
  `ordernum` int(11) NOT NULL,
  PRIMARY KEY  (`id_webmenu`)
) ENGINE=MyISAM  DEFAULT CHARSET=utf8 AUTO_INCREMENT=20 ;

-- 
-- 导出表中的数据 `webmenu`
-- 

INSERT INTO `webmenu` VALUES (1, 1, '网站首页----HOME', '/', 1, 0, 1, 8);
INSERT INTO `webmenu` VALUES (2, 1, '关于我们----About us', '/about/aboutus.php', 1, 0, 1, 7);
INSERT INTO `webmenu` VALUES (3, 1, '产品中心----Products', '/product/products.php', 1, 0, 1, 6);
INSERT INTO `webmenu` VALUES (4, 1, '新闻中心----News', '/news/news.php', 1, 0, 1, 5);
INSERT INTO `webmenu` VALUES (5, 1, '联系我们----Contact us', '/contactus/contactus.php', 1, 0, 1, 4);
INSERT INTO `webmenu` VALUES (11, 1, '公司介绍----Introduction', '/about/intro.php', 1, 2, 2, 0);
INSERT INTO `webmenu` VALUES (12, 1, '关于我们----About us', '/about/aboutus.php', 1, 2, 2, 0);
INSERT INTO `webmenu` VALUES (13, 1, '总经理致辞----CEO''s Message', '/about/ceomessage.php', 1, 2, 2, 0);
INSERT INTO `webmenu` VALUES (14, 1, '产品中心----Products', '/product/products.php', 1, 3, 2, 0);
INSERT INTO `webmenu` VALUES (15, 1, '资料下载----PDF download', '/product/productpdf.php', 1, 3, 2, 0);
INSERT INTO `webmenu` VALUES (16, 1, '我们的工厂----Our factory', '/product/ourfactory.php', 1, 3, 2, 0);
INSERT INTO `webmenu` VALUES (17, 1, '公司新闻----Company news', '/news/companynews.php', 1, 4, 2, 0);
INSERT INTO `webmenu` VALUES (18, 1, '产品新闻----Product news', '/news/productnews.php', 1, 4, 2, 0);
INSERT INTO `webmenu` VALUES (19, 1, '加入我们----Join us', '/news/joinus.php', 1, 4, 2, 0);
